No,대_,醫__,__猷,____,⑸_,__댁_,留,,밸_,곕_,紐⑸_源,湲고,댁_由щ_ __,ㅼ_,二쇱_
1,1000 __洹 留_구由,_＜,援_곗,5%,750ml,__,媛__留,蹂듭___,_밸_,_곕_,泥_媛,,", _Т移④낵  댁_由곕_.",,媛__ ≪_援 __硫 __由 120
2,11.5 _（  留_구由,_＜,/ 援/ ⑤え,12%,500ml,__,媛__留,諛__쇳_,_밸_,____,臾듭_/遺__,,__ 吏__ __!,,"__밸_ 깅_援 __15湲 12, 2痢 __二쇱“"
3,1932 ___쉘+_/_,_＜,___쉘+怨___뭅由ъ/___쉘+吏__ _,6%,500ml/900ml,__,____/怨____,,밸_,곕_,臾듭_,곗_,留____  댁_由곕_.,,寃쎄린 ъ_ 쇰_硫 댁_泥_濡 1597
4,2017 _濡 鍮_ 泥レ_,_＜, _,7%,750ml,__,留,,____,____,泥_媛/遺__,,__ 吏__ __!,,媛__ ≪_援 __硫 媛_濡 975
5,6 _（  留_구由,_＜,/ 援/ ⑤え,6%,935ml,__,,諛__쇳_/諛____,____,____,臾듭_/遺__,,__ 吏__ __!,,"__밸_ 깅_援 __15湲 12, 2痢 __二쇱“"
6,SSOA-щ_,由ы_瑜 諛 湲고二쇰_,援_ щ_,5%,355ml,2014 _援_由ъ___  (湲고二쇰_ 遺臾),____/ щ_留,,,,泥_媛,,"쇱_, 移__ 湲곕_吏 留__ щ_ __⑥_ 源____ 留__ 以.",,
7,The 李얠___(蹂듭___),利__二,"ш낵, __, __二쇱_  __蹂 __ (蹂듭_,泥_, __由ъ뭅)",14%,360ml,__,,遺__댄_,,,遺__,,__二쇰낫ㅻ_ 媛踰쇱_ __二쇰_ ㅻ_ 깃낵 利_린湲 醫__.,,
8,The 李얠___(ш낵留),利__二,"ш낵, __, __二쇱_  __蹂 __ (ш낵, __, 媛_랠)",16%,360ml,__,대_,,,,臾듭_,,__ 吏__ __!,,_＜ _＜ __ __濡 283
9,媛쇨끝_＜,"쎌＜,泥＜",/ 쇱_ 援_/ 援ш린/ ㅻ/ __/ 留ㅼ_,13%,750ml,____紐__ 13 ⑥_,대_,쎌_/ 議곗껌,밸_,곕_,源__,댄_,媛__ ④_ 癒뱀_硫 __ ㅼ_ 留_낵 μ_ 媛__ 댁랬 __二쇱_ 醫__.,,
10,媛   留_구由,_＜,/ __/_뎅/ / ⑤え/ __⑥_ ,6%,750ml,__,怨____,,밸_,곕_,遺__/媛踰쇱,,諛_갔쇰_ __ 곕━__怨 紐⑤_  댁_由곕_.,,"寃쎄린 媛_뎔 _㈃ 蹂닿___ 26, 29"
11,媛_렇由 _랠,怨쇱_二, 媛,12%, 750ml,"2005 遺_PEC____ 留_갔二

17~18 듬_ 痍⑥_ 嫄대같二",レ留,媛__,____,____,,,湲곕_吏 __/__湲곕_,,寃쎈_ 泥_援 __硫 遊_만1湲27
12,媛_렇由 ㅽ_,怨쇱_二, 媛,12%, 750ml,"2005 遺_PEC____ 留_갔二

17~18 듬_ 痍⑥_ 嫄대같二",レ留,媛__,____,____,,,__ 吏__ __!,,寃쎈_ 泥_援 __硫 遊_만1湲27
13,媛_렇由 __ㅼ,怨쇱_二, 媛,10%, 375ml,"2005 遺_PEC____ 留_갔二

17~18 듬_ 痍⑥_ 嫄대같二",レ留,__留__,_밸_,____,,,移__瑜,,寃쎈_ 泥_援 __硫 遊_만1湲27
14,媛__,"쎌＜,泥＜",(援_ 寃쎄린誘 100%)/ _）/ __,14%,375ml,__,__댄_留,怨쇱_,____,____,,,"遺__湲,≪_",,寃쎄린 ⑹_ 泥__援 _硫 二쎌_濡 2298-1
15,媛__釉_（,"쎌＜,泥＜",(援_ 寃쎄린誘 100%)/ _）/ ⑤え/ __,14%,375ml,__,怨〓Ъ留,怨쇱_,____,____,遺__,,__ 吏__ __!,,寃쎄린 ⑹_ 泥__援 _硫 二쎌_濡 2298-1
16,媛__ 곕㉧猷⑥＜,怨쇱_二, 癒몃（__ 78.5%(寃쎄린 _＜)/ 二쇱_(援_/ __),12%, 360ml,__,,怨쇱_,밸_,____,,,__ 怨_린瑜,,寃쎄린 _＜ __硫 媛__由 67-1
17,媛__濡,利__二,援_ ,40%,400ml,____紐__ 43 닿린,,쎌_,____,,遺__,遺_,"__湲곗_, 援ы_臾댁묠怨  댁_由곕_.",,寃쎄린 _＜ _＜ 遺怨〓━ 34 ? 7
18,媛__濡 諛깆_,利__二,"(70%), 硫_“(30%), ⑹_, 吏__, __, __, 媛__, 吏珥",40%,"400ml, 700ml",__,,__ы_/__/怨__,밸_,,遺__,,"댄_以__, 밸__낵 媛__ 湲곕_吏 _＜  댁_由щŉ, 諛__ __ㅽ_由, 珥__ 耳듦낵  댁_由곕_.",,寃쎄린 _＜ _＜ 遺怨〓━ 34-7
19,媛__二,利__二,"援_ , __",50%,"200ml / 1,800ml",__,蹂대━뱀___由쇨_留,__ы_/ ъ숴__,_밸_,,源__,,__ 吏__ __!,,異⑸_ 怨듭＜ ш끝硫 留_끝щ_ 49
20,嫄__寃,_＜,硫μ/李뱀/_）/__移__醫/__/__ㅼ빱,8%,600ml,__,,怨쇱_/踰_━,,____,,,"쇱_,__嫄,__대_移__ 媛_ 罹_＜쇳_ __怨  댁_由곕_.",,__ 媛__援 쇱_濡 455
21,寃쎌_怨쇳_二,"쎌＜,泥＜",援_ 李뱀/ 援_ _）/ 利____,20%,375ml,__,李뱀留,怨쇱_,_밸_,____,遺__/臾듭_,,"留_ κ뎅  __  댁_由곕_. 留_ __湲곌뎅, 誘몄_援, 怨_援 깅_ 醫_ 留ㅼ묶대_.",,"寃쎄린 ъ＜ _㈃ 1濡 120, __"
22,寃쎌＜援__踰_＜,"쎌＜,泥＜",李뱀,16%,900 ml,以__臾댄_臾명_ 86-3,대_,_）,____,____,,,"__湲곗_, 遺__ы_由, ъ_吏  곕━___＜ ④_ 留__硫 _껐 댁_媛 __.",,
23,怨_！諛깆_二,由ы_瑜 諛 湲고二쇰_,李뱀/ 硫μ/ ,40%,400ml,"____紐__ 4-媛 댁_

 __臾댄_臾명_ 異⑹껌⑤_ 7",대갚__/源____,苑__湲/__,,,遺__,留_,遺__湲곗  댁_由곕_.,,
24,怨_！諛깆_二 40%,利__二,"李뱀,諛깅,_）, щ_醫_뎅__,ㅻ,吏__,щ_醫 __",40%,600ml,__,移쇱뭡__/媛__留,__,,,遺__,,"媛__援ъ_, __",,異⑹껌⑤_ 怨듭＜ 遊__ 390
25,怨_！ 곗_二 湲__媛__(21%),利__二,"곗_곗_, __二, 二쇱_",21%,740ml,__,쇱_대_,곗_쇳_,,,,,쇨__낵  댁_由곕_.,,異⑸_ 쇱_ 곕Т 留__濡 361
26,怨_！ 곗_二 湲__媛__(40%),利__二,"곗_곗_, __二, 二쇱_",40%,740ml,__,쇱_대_,곗_쇳_,,,,,쇨__낵  댁_由곕_.,,異⑸_ 쇱_ 곕Т 留__濡 361
27,怨__由 __ ㅼ_,怨쇱_二, MBA 癒몃（щ_(寃쎈_ __),12%, 750ml,"2011 _援 곕━____ 怨쇱_二 遺臾 곗_

2015 _뎅 踰__몄뺄__ 怨⑤_ __

2016 _援 二쇰_ BEST OF BEST __

2017 ___명_濡__ ㅻ_

2018 _援＜瑜_ _뎅몃臾 ",,怨쇱_,,,,,"≫_, __, 遺__湲",,
28,怨__由 蹂듭__,怨쇱_二, 蹂듭_(寃쎈_ __),6.50%, 750ml,"2011 _援 곕━____ 怨쇱_二 遺臾 곗_

2015 _뎅 踰__몄뺄__ 怨⑤_ __

2016 _援 二쇰_ BEST OF BEST __

2017 ___명_濡__ ㅻ_

2018 _援＜瑜_ _뎅몃臾 ",,蹂듭___,_밸_,,,,__ 吏__ __!,,寃쎈_ __ 怨_꼍硫 怨__由 494-3
29,怨__由 泥_ ,怨쇱_二, щ_(泥_),10.50%, 750ml,"2011 _援 곕━____ 怨쇱_二 遺臾 곗_

2015 _뎅 踰__몄뺄__ 怨⑤_ __

2016 _援 二쇰_ BEST OF BEST __

2017 ___명_濡__ ㅻ_

2018 _援＜瑜_ _뎅몃臾 ",щ_留,怨쇱_,,_곕_,遺__,,"_湲, ㅻ━怨_린, __, 대Ъ, 源瑜",,寃쎈_ __ 怨_꼍硫 怨__由 494-3
30,怨__由 __몄 __,怨쇱_二, 嫄곕_щ_(寃쎈_ __),10.50%, 750ml,"2018 _援＜瑜_ _뎅몃臾 

2017 ___명_濡__ ㅻ_

2016 _援 二쇰_ BEST OF BEST

2015 _뎅 踰__몄뺄__ 怨⑤_

2011 _援 곕━____ 怨쇱_二 遺臾 곗_",,怨쇱_,,_곕_,源__,,"愿__, 곕_, 湲곕_湲곌 _ __",,寃쎈_ __ 怨_꼍硫 怨__由 494-3
31,怨__由 __몄 ㅼ_,怨쇱_二, 嫄곕_щ_(寃쎈_ __),10.50%, 750ml,"2011 _援 곕━____ 怨쇱_二 遺臾 곗_

2015 _뎅 踰__몄뺄__ 怨⑤_ __

2016 _援 二쇰_ BEST OF BEST __

2017 ___명_濡__ ㅻ_

2018 _援＜瑜_ _뎅몃臾 ",,怨쇱_,밸_,_곕_,,,__ 吏__ __!,,寃쎈_ __ 怨_꼍硫 怨__由 494-3
32,怨__由ъ_,利__二,"_＜ 醫_53%, 援_  47%","29%, 40%","29% ? 750ml , 40% ? 375ml / 400ml","2011 _援_由ъ___  (利____二 遺臾)

 2012 _援_由ъ___ 理____ (利____二 遺臾)

 2013 _援_由ъ___  (利____二 遺臾)

 2014 IWSC __

 2014 Monde-selection 湲__

 2014 _援_由ъ___  (利____二 遺臾)",源____/媛__留/援ъ___/嫄곗_留/留ㅼ_留,諛곌_/ъ숴__,____,,遺__,,〓_援ъ_  댁_由곕_.,,_＜ _＜ __ __濡 283
33,怨__ 諛깆_,利__二,ㅻ(臾멸꼍),52%,500ml,__,ㅻ__,ㅻ__/ __,____,,遺__,,"媛踰쇱_ ____ 寃ш낵瑜, ≫_ 깆_ 醫__.",,寃쎈_ 臾멸꼍 臾멸꼍 __濡 609
34,怨__ ㅽ_,利__二,ㅻ(臾멸꼍),52%,500ml,__,,珥__由욱_/ 而ㅽ_/ ㅻ__,,,遺__,,"_が. 珥__由, щ━釉, 寃ш낵瑜, ≫_ 깆_ 異____. ",,寃쎈_ 臾멸꼍 臾멸꼍 __濡 609
35,怨_갹__ ≫_蹂듬__＜,怨쇱_二, 蹂듬__낵/ 二쇱_/ ⑤え/ 援ъ_/ __,13%, 300ml,__,대_,蹂듬___,_밸_,,源__,,μ_ 援ъ_,,__ 怨_갹援 ъ_硫 ъ_濡 270-73
36,怨_갹__ ≫_釉_（踰_━二,怨쇱_二,釉_（踰_━怨쇱_/ 二쇱_/ ⑤え/ 援ъ_/ __,13%, 300ml,__,대_,釉_（踰_━,____,____,媛踰쇱,,怨_린瑜/移__瑜,,__ 怨_갹援 ъ_硫 ъ_濡 270-73
37,怨_갹__ 蹂듬__＜ 1,怨쇱_二, 蹂듬__낵/ 二쇱_/ ⑤え/ 援ъ_/ __,15%, 1800ml,__,대_,蹂듬___,_밸_,,源__,,μ_ 援ъ_,,__ 怨_갹援 ъ_硫 ъ_濡 270-73
38,怨____嫄몃━,_＜,,6%,750ml,2010 _援_由ъ___ λ_ (__嫄몃━ 遺臾),,,____,,遺__,__랬,"源移_ 쇱怨_린, 媛__쇱_媛 ㅼ_媛 源移__梨_  댁_由곕_.",,
39,怨__몄_留_구由,_＜,90%/ 몄_10%,6%,750ml,2010 _援_由ъ___ 곗_ (닿_留_구由щ臾),몄_留,몄_,,,遺__,__랬,怨__댁“由. 몄_ 뱀_ 留_낵 μ_ 怨__댁_ 鍮_┛ 留__ __二쇱_ __ 댁_由곕_.,,
40,怨듭＜_갇 _갇二,由ы_瑜 諛 湲고二쇰_,怨듭＜諛/ 諛깅/ ____,6%,750ml,__,__留,諛ㅽ_,____,,遺__,,怨듭＜援갈__ 醫_ 留ㅼ묶대_.,,異⑸_ 怨듭＜ ш끝硫 留_끝щ_ 49
41,怨듭＜ ㅻ_,怨쇱_二, 援_ ㅻ_/ __/ 二쇱_/ 怨쇰_/ ⑤え,15%, 375ml,__,대_,,_밸_,,遺__,遺_ 鍮,μ_援ъ_,,異⑸_ 怨듭＜ ш끝硫 留_끝щ_ 49
42,愿__  留_구由,_＜,__/ 諛媛猷/ 臾쇱_(멸뎅)/ _/ _뎅/ ㅽ_/ 怨≪_(_）)/ ____/ __⑥_/ ⑤え/ __/ ≫_⑥_,5%,750ml,__,源____/源_留,,,,遺__,,", _源移, 怨⑤_ _㈃臾댁묠 깃낵  댁_由곕_.",,__ 愿__ 愿__ _뎄8湲 13-4
43,愿__  留_구由 怨⑤_,_＜,__// _뎅/ 怨≪_/ ____/ __⑥_/ ⑤え/ __/ ≫_⑥_,5%,750ml,__,源____,,,,遺__/泥_媛,,"移__, 쇱_, 移__ 깃낵 댁_由곕_.",,__ 愿__ 愿__ _뎄8湲 13-4
44,援ъ_異__嫄몃━,_＜,/ 異,6%,1000ml,2010 _援_由ъ___  (닿_留_구由 遺臾),怨____,異__,____,____,遺__,,留ㅼ숴 ㅼ_ __援ъ_  댁_由곕_.,,
45,援_ __嫄몃━ 諛,_＜,,6%,700ml,__,,怨쇱_,____,____,遺__/泥_媛,_갚,쇱怨_린 깆_ __怨  댁_由곕_.,,媛__ ≪_援 __硫 __由 120
46,援_ 댄_二,_＜,댄__）/,13%,400ml,__,源_留/怨〓Ъ留,,_밸_,_곕_,嫄몄_/遺__,_㉨__/곗_,밸_ _＜媛 __ __ 癒뱀_  _留 _ __ ____.,,媛__ ≪_援 __硫 __由 120
47,洹몃_瑗щ_ M56,怨쇱_二, щ_,12%, 750ml,__,____/レ留,怨쇱_/λ,밸_,_곕_,遺__,,__ 怨_린瑜,,寃쎄린 __ ⑥_援 六_씁곌만 107(遺遺__)
48,洹몃_瑗щ_ __,怨쇱_二, 援_ щ_ (罹_꺼쇰━),12%, 750ml/375ml,__,____,怨쇱_,_밸_,_곕_,,,쇨껸/蹂댁_/源移__/_뎄李/留ㅼ숴 蹂띠__━,,寃쎄린 __ ⑥_援 六_씁곌만 107(遺遺__)
49,洹몃_瑗щ_ 濡__,怨쇱_二, щ_,12%, 750ml,__,レ留,,_밸_,,泥_媛/源__,,댁_臾쇰_,,寃쎄린 __ ⑥_援 六_씁곌만 107(遺遺__)
50,洹몃_瑗щ_ 泥_,怨쇱_二, щ_,12%, 750ml,"2014 __  몃_' ㅻ_ 硫__

2016 _援 곕━____ 怨쇱_二쇰臾 理____",,怨쇱_,,,泥_媛,,댁_臾쇰_,,寃쎄린 __ ⑥_援 六_씁곌만 107(遺遺__)
51,湲__몄_二,"쎌＜,泥＜",援_곗 93.5%/ 援_곗_ 6.5%,13%,360ml,"____紐__ 2 源李쎌_

 2010 _援_由ъ___  (쎌＜/泥＜ 遺臾)",대_,몄_,밸_,____,媛踰쇱,,怨__由щ_臾쇱_ 遺__ __怨 援ъ_⑥ 湲__몄_二쇱_  κ낵 _瑜 대_以.,,
52,湲__몄_二 __ 500,利__二,"援_ , 援_ 몄_",43%,500ml,"____紐__ 2 源李쎌_

 2011 _援_由ъ___ λ_ (쇰_利__二 遺臾)",,몄_,,,,,___  댁_由곕_.,,異⑸_ 湲__援 湲__硫 __湲 23
53,湲__몄_諛깆＜,利__二,"援_곗 95.8%, 援_ 몄_ 4.2%",43%,500ml,"____紐__ 2 源李쎌_

 __臾댄_臾명_ 異⑹껌⑤_ 19",,몄_,,,遺__,,臾몄__  댁_由곕_.,,異⑸_ 湲__援 湲__硫 __湲 23
54,湲__곗_留_구由,_＜,,8%,750ml,__,援ъ___,,밸_,_곕_,媛踰쇱,,"__, _源移",,遺 湲__援 곗_濡 453
55,湲__,利__二,"援_ , ⑷린, 湲__명_ ⑷_臾",35%,500ml,2013 _援_由ъ___ 곗_ (쇰_利__二 遺臾),源____,二쇳_,,,遺__,,瑜__ш낵  댁_由곕_.,,異⑹껌遺__ __ ≫_硫 ≫_由 477-3踰_
56,源泥_낵_＜(16%),"쎌＜,泥＜",援_ 李뱀,16%,700ml,"____紐__ 17 ↔_

 __臾댄_臾명_ 寃쎌_遺__ 11",李뱀留,,밸_,곕_,,⑷_,쇨껸 __ 紐⑹__━媛 _＜濡 댁_由곕_.,,
57,源泥_낵_＜(23%),由ы_瑜 諛 湲고二쇰_,援_ __硫μ,23%,700ml,"____紐__ 17 ↔_

 __臾댄_臾명_ 寃쎌_遺__ 11",怨≪＜留,怨≪＜,_밸_,____,遺__,⑷_,"怨__μ___怨_린, 쇨껸닿뎄댁  댁_由곕_.",,寃쎌_遺__ 源泥__ ㈃ 愿_갑밸_ 1178-4
58,源 留_구由,_＜,/ _）/ __,6%,750ml,__,媛__留/대_,,____,_곕_,泥_媛/遺__/媛踰쇱,,__怨  댁_由곕_.,,寃쎄린 源ъ_ _낭硫 源щ濡 2763
59,源щ_二,"쎌＜,泥＜",/ μ_ __/ 援/ ⑤え/ __/ ⑥_/ __,13%,500ml,__,媛__留,怨쇱_,____,____,遺__/源__,⑷_鍮,二쇨씀誘 蹂띠_怨  댁_由곕_.,,寃쎄린 源ъ_ _낭硫 源щ濡 2763
60,源ъ_二,"쎌＜,泥＜",_㎘遺/ μ_遺,11%,750ml,2011 _援_由ъ___ λ_ (쎌＜/泥＜ 遺臾),媛__留,怨쇱_,____,____,遺__,,뱀_ 怨≪＜諛__μ_ _瑜 __怨 鍮_≪_ 쎄_ __ 留__ 媛__二쇱_ __ __ 댁___.,,
61,源ъ_二(源ъ_議),"쎌＜,泥＜",μ_ __/ 諛/ 援/ ⑤え/ __/ ⑥_/ __,11%,750ml,__,媛踰쇱_留,ъ숴__,____,____,媛踰쇱,⑷_鍮,갚  ___ _ 怨_린瑜_  댁_由곕_.,,寃쎄린 源ъ_ _낭硫 源щ濡 2763
62,源ъ_二,"쎌＜,泥＜",援_ / μ_遺,13%,750ml,"2013 _援_由ъ___ 理____ (쎌＜/泥＜ 遺臾)

 2014 SIWC __

 2014 Monde-selection ",怨____/ 대_,怨〓Ъ/ 怨쇱_,밸_,곕_,遺__/ 臾듭_,⑷_鍮,"_, _Т移, 留ㅼ___  댁_由곕_.",,
63,源ъ_二 _━誘몄_,"쎌＜,泥＜",援_ / 援/ ⑤え/ __/ __,13%,750ml,__,怨____/ 대_,,____,,,몃_,遺__湲곗  댁_由곕_.,,寃쎄린 源ъ_ _낭硫 源щ濡 2763
64,源ы_二,"쎌＜,泥＜",援_ / ⑤え/ __⑥_/__/ ____由ш_,15%,375ml,__,諛__留/媛踰쇱_留,諛__,_밸_,_곕_,遺__,,"媛__, 源移__媛, 泥뎅, 留ㅼ_ __蹂띠_ 깃낵  댁_由곕_.",,寃쎄린 源ъ_ __硫 __濡 622
65,轅留_구由,_＜,/ 踰_/ ш낵__/ ⑤え/ __⑥_,8%,750ml,__,怨____/대_,__,,____,遺__/臾듭_,,__ 媛__  댁_由곕_.,,__⑤_ μ_援 μ_ ⑥_珥_만 19
66, ,由ы_瑜 諛 湲고二쇰_,援_ 李뱀 100%,10%,500ml,2010 _援_由ъ___ 곗_ (湲고二쇰_ 遺臾),____,,,,遺__/ 泥_媛,,二쇨씀誘 李몃_臾쇰Т移④낵  댁_由곕_.,,
67,⑦_곗__＜,利__二,", , _）",40%,400ml,__臾댄_臾명_ 寃쎄린 13,怨_┛留,援ъ___/ъ숴__/遺__,_밸_,,遺__,,≪___援ъ_  댁_由곕_.,,寃쎄린 愿_＜ 怨ㅼ__ 곌끝由 51
68,_癒몃（,怨쇱_二, 癒몃（100%,12%, 500ml/750ml,2013 諛_렐_듬_ 痍⑥_ 留_갔二,レ留,,____,____,,,____/移__↔_鍮,,
69,몃,"쎌＜,泥＜",援_ 李뱀/ 援_ ,18%,700ml,2010 _援_由ъ___ 理____ (쎌＜/泥＜ 遺臾),,,_밸_,,遺__,,遺__怨 媛__留 __ 몃 룸_ ≫_ 留__ _링 대_以.,,
70,뱁_二,"쎌＜,泥＜",援_ 李뱀/ 硫μ/ _）/ __,15%,375ml,__,__,__,____,곕_,遺__,,"뱁_二쇨 __ 寃쎈_ ⑥___ __ 곌_ 諛_ __ 곗_諛μ_ ____, 媛__ 利_린湲곗_ 異⑸_ 留ㅻ___ 沅__대_.",,寃쎌_⑤_ ⑥_援 吏怨〓㈃ 吏怨≪갹珥_만 3
71,_┛留__ 利__二,利__二,(援_),17%,360ml,__,源⑤___,__,,,遺__,,__ 洹몃━怨 __ 댁_臾쇨낵 怨__대㈃ 遺__ μ_ ④_ __  __.,,寃쎄린 ъ_ __硫 __由 512
72,_┛留__留_구由-媛,_＜,,6%,750ml,2014 _援_由ъ___ 곗_ (__嫄몃━ 遺臾),源_留,,____,,,곗_,"__, _源移_  댁_由곕_.",,
73,_┛留__留_구由-寃⑥_,_＜,,6%,750ml,2014 _援_由ъ___ 곗_ (__嫄몃━ 遺臾),대갚__,,____,____,,곗_,"__, _源移_  댁_由곕_.",,
74,_┛留__留_구由-遊,_＜,,6%,750ml,2014 _援_由ъ___ 곗_ (__嫄몃━ 遺臾),,,_밸_,,,곗_,"__, _源移_  댁_由곕_.",,
75,_┛留__留_구由-щ_,_＜,,6%,750ml,2014 _援_由ъ___ 곗_ (__嫄몃━ 遺臾),,,_밸_,____,,곗_,"__, _源移_  댁_由곕_.",,
76,μ_二,"쎌＜,泥＜",援_ / μ__땐/ _）/ __,13%,375ml,__,踰__留,踰__/ 臾댄_怨쇳_,,____,遺__/媛踰쇱/源__,몃_,踰__ 댁_ 援ъ_ ④_ 留__ 寃__ 醫__.,,異⑸_ 쇱_ 곕Т 留__濡 361
77,_え硫,"쎌＜,泥＜",/ 媛_랠 吏__/ __,11%,375ml,__,____/__,怨_뎄留__/洹ㅽ_,밸_,곕_,遺__/媛踰쇱,⑷_鍮,  __ _  댁_由곕_.,,_＜ _＜ __ __濡 283
78,댁_,由ы_瑜 諛 湲고二쇰_,諛깅(⑥_) 90%/ __쨌≪_(⑥_) 10%,40%,500ml / 750ml,"____紐__ 27 諛__

 2010 _援_由ъ___ 理____ (由ы_瑜 遺臾)

 2011 _援_由ъ___ 理____ (由ы_瑜 遺臾)

 2012 _援_由ъ___ 理____ (由ы_瑜 遺臾)

2013 _援_由ъ___ 곗_ (由ы_瑜 遺臾)",媛__留,≪_/ __,____,,遺__,,"쇨껸 援ъ_, 쇱__ ⑦_諛__怨  댁_由곕_.",,寃쎌_⑤_ ⑥_援 吏怨〓㈃ 吏怨≪갹珥_만 3
79,댁,_＜,ъ_ 理__湲_,6%,750ml,__,,諛__,____,곕_,遺__,곗_,留ㅼ숴 대Ъ李,,寃쎄린 ъ_ 쇰_硫 댁_泥_濡 1597
80, 留_구由,_＜, ,6%,750 ml,2019 곕━,대_/源____/媛__留,,____,곕_,__/泥_媛,__랬,"____ __ ㅼ___, ㅼ_ ш 蹂띠_, __湲 ㅼ_ 蹂띠_",,
81,__,利__二,", _）, __, __, 吏__, 媛_렐, ㅻ, 援ш린, 二쎈_ ",12%,300ml,__,,苑__,____,____,媛踰쇱,,ㅽ_댄_  댁_由곕_.,,__ 댁_援 ⑸㈃ 異__濡 29
82,듭＜,"쎌＜,泥＜",援_ / 援_ 留ㅼ___/ 援_ _Т,11%,360ml,"2012 _援_由ъ___  (쎌＜/泥＜ 遺臾)

 2013 SIWC __

 2013 IWSC __

 2013 NYWSC __",_숴__,留ㅼ_,____,____,,,_鍮_뎄댁  댁_由곕_.,,__ 댁_援 ⑸㈃ 異__濡 29
83,щ_嫄몃━,_＜,,7%,425ml,2010 _援_由ъ___ λ_ (닿_留_구由 遺臾),,,_밸_,곕_,源__/遺__,__랬,遺__щТ移⑥ 대갚 щ_嫄몃━ 遺__ 援ъ___怨 __  댁_由곕_.,,寃쎄린 ъ_ __硫 __由 512
84,_Ц __嫄몃━,_＜,媛__/ _）/ 媛갑__臾/ __,10%,750ml,__,대_,諛__,밸_,____,臾듭_,__,媛__李_낵  댁_由곕_.,,媛__ 媛__ 誘몃_湲 103
85,__ __,由ы_瑜 諛 湲고二쇰_,援_ __,20%,360ml,2012 _援_由ъ___ 곗_ (由ы_瑜 遺臾),源____/ __留,__,,,,,留ㅼ숴 ъ숴 __ 諛__ ъ_ 援ъ_ __援ъ_  댁_由곕_.,,
86,_そ,"쎌＜,泥＜",__ / __/ ⑦_諛/ 援(諛 _）),17%,500ml,__,媛__留,,,,臾듭_,,__낏怨  댁_由곕_.,,媛__ __援 댁_硫 臾쇨구由 508-2
87,__異,_＜,/ _）/ __,8%,500ml,__,怨____,諛__쇳_,_밸_,곕_,遺__,__蹂대━,媛__李  ⑤_ 쎄_ __ __ㅺ낵  댁_由곕_.,,媛__ __援 __硫 쇱_濡 211-57
88,__,利__二,援_ щ_,35%,750ml,"2011 _援_由ъ___  (쇰_利__二 遺臾)

 2014 _援_由ъ___ 理____ (쇰_利__二 遺臾)",源____/____,щ_,,,遺__,____,踰__ ___낵  댁_由곕_.,,異⑹껌⑤_ 泥__ __援 __硫 __由 42-14
89,______,利__二,嫄곕_щ_,35%,750ml,"2015_援 곕━ __(湲고二쇰_遺臾)______ 理______

2016 紐쎈___(釉__)釉__利____",源____,ㅽ_/щ_猿__,,,臾듭_,誘몄_,"怨쇱_, 〓_",,異⑸_ 泥__ __援 __硫 ⑤ぉ湲17-6
90,___,怨쇱_二, 嫄곕_щ_,12%, 750ml,"2009 _뎅 __二 __ __

2011 _援 곕━ __ __

2015 紐쎈___ __",媛__留,щ_,____,____,,,"〓_,移__",,異⑸_ 泥__ __援 __硫 ⑤ぉ湲17-6
91,____瑜_＜,利__二,嫄곕_щ_,35%,750ml,2007 _援 二쇰___(援_泥) __  2009 _뎅 __二 __(利____二쇰臾)__ 2011 _援 곕━ __ (쇰_利__二쇰臾)__ 2015紐쎈___(쇰_利__二)怨⑤___ 2016_援 곕━ __(쇰_利__二쇰臾) 理______ 2016_そ___(쇰_利__二)怨⑤___,源____,щ_,_밸_,,遺__,,"〓_,__",,異⑸_ 泥__ __援 __硫 ⑤ぉ湲17-6
92,쇱_肄__ ___,由ы_瑜 諛 湲고二쇰_,援_ __,12%,350ml / 500ml,2011 _援_由ъ___ λ_ (湲고二쇰_ 遺臾),___/ ____,,____,,遺__,,怨⑤_대Т移④낵  댁_由곕_.,,
93,__  500,怨쇱_二, 移__寃 嫄곕_ щ_,12%, 500ml,"2011 _援 곕━____ 怨쇱_二 遺臾 곗_

2015 _뎅 踰__몄뺄__ 怨⑤_ __

2016 _援 二쇰_ BEST OF BEST __

2017 ___명_濡__ ㅻ_

2018 _援＜瑜_ _뎅몃臾 ",,怨쇱_,,,遺__,,"쇱媛__, 媛__李, 留ㅼ_ __",,寃쎈_ __ 怨_꼍硫 怨__由 494-3
94,__ RED DEW,怨쇱_二, 臾대_쎈㉧猷,13%, 750ml,2011 _援_由ъ___ 理____ (怨쇱_二 遺臾),,,_밸_,_곕_,臾듭_,,__,,
95,,利__二,"怨_뎄留(ъ＜ 100%), (ъ＜ 100%)",25%,375ml/500ml,__,媛__留,κ___,,,遺__,,__ 怨쇳_吏 _ __怨  댁_由곕_.,,媛__ ≪_援 __硫 __由 120
96,濡__40 __,利__二,ш낵_＜__,40%,350ml,__,____,ш낵,,,,留__ щ_,__ 吏__ __!,,寃쎄린 __ __硫 __濡 835
97,濡__40 __,利__二,"(援_), 諛(援_)",40%,350ml,__,대갚__/ 諛곕_,諛고_,,,,щ_,媛__  __瑜,,寃쎄린 __ __硫 __濡 835
98,濡__ ___＜,利__二,援_ ,45%,600ml / 800ml,"2012 _援_由ъ___ λ_ (利____二 遺臾)

 2013 _援_由ъ___ 理____ (利____二 遺臾)

 2014 _援_由ъ___ 理____ (利____二 遺臾)

 2014 SWSC 2014 IWSC 湲__

 2014 Monde-selection 湲__",源____/媛__留,,,,,__랬,쇨껸댁_怨  댁_由곕_.,,寃쎌_遺__ __ ⑦_硫 곌__만 107
99,濡__  750,怨쇱_二, 移__寃 GAP 嫄곕_щ_,12%, 750ml,"2011 _援 곕━____ 怨쇱_二 遺臾 곗_

2015 _뎅 踰__몄뺄__ 怨⑤_ __

2016 _援 二쇰_ BEST OF BEST __

2017 ___명_濡__ ㅻ_

2018 _援＜瑜_ _뎅몃臾 ",,,밸_,,,__鍮,__瑜/_湲곕_,,寃쎈_ __ 怨_꼍硫 怨__由 494-3
100,濡__,怨쇱_二,щ_,12%,550ml,2019 곕━ __ 怨쇱_二 遺臾 곗_,,癒몃（,_밸_,_곕_,遺__ 紐⑸_源,λ鍮,__ 吏__ __!,,異⑸_ __援 __硫 紐⑤━ 1湲 23
101,留__ 鍮__ ,_＜,李뱀/⑦_諛,10%,500ml,__,,몃_,밸_,____,遺__,__蹂대━,李__瑜,,媛__ __援 댁_硫 臾쇨구由 508-2
102,留____,_＜,硫μ/ 諛_）/ 轅/ 嫄댄_/ _が/ __/ __/ ⑤え,12%,750ml,__,,濡__硫_━/__,_밸_,,臾듭_,,湲곕_吏 ____ 媛__ _뎅_━ㅺ낵 댁_由곕_.,,
103,留__ 곗_媛,"쎌＜,泥＜",援_곗(寃쎄린誘)/ 援_ 곗_곗_,13%,350ml,"2012 _援_由ъ___ 곗_ (쎌＜/泥＜ 遺臾)

 2014 _援_由ъ___  (쎌＜/泥＜ 遺臾)",源____/ 곗_留,곗_,,,,,대갚 곗____낵  댁_由곕_.,,
104,留ㅼ__＜,怨쇱_二, 留ㅼ_,15%, 300ml,__,,留ㅼ_/諛__,_밸_,,臾듭_/遺__,댄_,__ 怨_린瑜,,__ _뎄 利__濡7湲 28-13
105,留ㅼ__＜ __,由ы_瑜 諛 湲고二쇰_,援_ ⑸ℓ 80%/ 泥ℓ 20%,"13%, 15%, 20%",300ml,"2012 Monde-selection 湲__

 2013 Monde-selection 湲__

 2013 _援_由ъ___  (由ы_瑜 遺臾)

 2013 SWSC 

 2014 SWSC 

 2014 IWSC 

 2014 Monde-selection 湲__",留ㅼ_留/ 源____,留ㅼ_,,,,,__怨 __  댁_由곕_.,,
106,留ㅼ___,由ы_瑜 諛 湲고二쇰_,援_ 諛깅/ 留ㅼ_泥__怨쇱_,7%,375ml,2011 _援_由ъ___ 理____ (湲고二쇰_ 遺臾),,,,,源__,,곗____  댁_由곕_.,,寃쎄린 __ __硫 __濡 835
107,留ㅼ_,由ы_瑜 諛 湲고二쇰_,援_ 留ㅼ_,10.70%,750ml,2013 _援_由ъ___ λ_ (湲고二쇰_ 遺臾),源____/ 곕___,留ㅼ_,____,,遺__,⑷_鍮,"대Ъ__ㅼ_, 議곌갗 깆_ ｌ 대Ъ__",,
108,留ㅽ_留__ 몃_ 留_구由,_＜,,7%,375ml,__,,苑__/_숴__/ъ숴__,_밸_,____,遺__/ 臾듭_,,__,,寃쎄린 __ __硫 __濡 835
109,癒몃（__,怨쇱_二, 援_ 곕㉧猷 100%,12%, 300ml,2010 _援_由ъ___ ,レ留,怨쇱_,,,,,湲곕_湲 留_ 援ъ_瑜,,寃쎄린 _＜ __硫 媛__由 67-1
110,癒몃（댁_湲,怨쇱_二, 援_ 癒몃（ (__ 臾댁＜),12%, 350ml,2013 _援_由ъ___ 곗_ (怨쇱_二 遺臾),,,_밸_,_곕_,,,__ 怨_린瑜,,
111,硫____,_＜,/ 臾쇱_/ ⑹_李⑺_猷(硫__)/ ⑤え/ 援/ 쇳___/ ____/ __/ ⑹_ λ_(諛ы_)/ ⑥_泥_━ㅽ_鍮__/ 硫____,4%,750ml,__,硫__留,硫__,_밸_,,遺__,뱀_,__ 吏__ __!,,寃쎄린 __ __硫 __濡 835
112,硫댁__껄二,"쎌＜,泥＜",援_ 李뱀/ _）/ 援_ 吏____,18%,360ml / 700ml,以__臾댄_臾명_ 86-2,媛__留,吏____,____,곕_,遺__,댄_媛__鍮,_____ __二쇰_ 醫_ __대_.,,
113,紐_____＜(22%),利__二,"(援_), _）, __",22%,360ml,__,源____,__/源_,,,遺__,,媛__깆_ 援ъ_,,寃쎈_ __ __ 곗_⑥6湲 6
114,紐_____＜(35%),利__二,援_ ,35%,360ml,"____紐__ 6 諛__

 2010 _援_由ъ___ 理____ (利____二 遺臾)

 2011 _援_由ъ___ 理____ (利____二 遺臾)

 2012 _援_由ъ___  (利____二 遺臾)

 2013 IWSC 

 2013 SWSC 湲__

 2013 NYWSC 

 2014 IWSC 

 2014 SWSC 

 2014 Monde-selection 湲__",源____/媛__留,__,,,遺__,,"__湲 ≫_, __, 紐⑹___⑦_諛__怨  댁_由곕_.",,寃쎈_ __ __ 곗_⑥6湲 6
115,紐_____＜(45%),利__二,援_ ,45%,400ml / 600ml / 800ml,"____紐__ 6 諛__

 2010 _援_由ъ___ 理____ (利____二 遺臾)

 2011 _援_由ъ___ 理____ (利____二 遺臾)

 2012 _援_由ъ___  (利____二 遺臾)

 2013 IWSC 

 2013 SWSC 湲__

 2013 NYWSC 

 2014 IWSC 

 2014 SWSC 

 2014 Monde-selection 湲__",源____/媛__留,__,,,遺__,,"__湲 ≫_, __, 紐⑹___⑦_諛__怨  댁_由곕_.",,寃쎈_ __ __ 곗_⑥6湲 6
116,紐__蹂듬_,怨쇱_二, 蹂듬_,13%, 375ml,"2014 _援_由ъ___ 곗_ (怨쇱_二 遺臾)

2010 _援_由ъ___ 곗_ (怨쇱_二 遺臾)",,,_밸_,_곕_,,,μ_援ъ_,,
117,紐___＜,利__二,", 吏珥",38,375ml,__,,,,,遺__/ 源__,遺_鍮/__랬,議곌_李 깃낵  댁_由곕_.,,__ 吏__援 援곕_硫 __由 98
118,紐⑥_ ,"쎌＜,泥＜",援_ / 諛_）(援_),13%,500ml,__,____/ 源____/ 대_,怨〓Ъ,밸_,곕_,源⑤_,,__ 吏__ __!,,媛__ _＜ _硫 ___湲 84
119,紐⑥_ ,利__二,"援_ , 諛_）(援_)",41%,500ml,__,源____,源____/ ,,,遺__,,__ 吏__ __!,,媛__ _＜ _硫 ___湲 84
120,臾댁＜援ъ__㉧猷⑥,怨쇱_二, 癒몃（,12%, 750ml,__,,,_밸_,곕_,,,怨_린瑜,,__ 臾댁＜援 __硫 λТ濡 1375-7
121,臾댁＜援ъ___癒몃（二,怨쇱_二, 癒몃（,16%, 750ml/360ml,__,,,_밸_,곕_,,,怨_린瑜,,__ 臾댁＜援 __硫 λТ濡 1375-7
122,臾멸꼍諛__ ㅽ_,利__二,ш낵(臾멸꼍),40%,750ml / 375ml,__,,ㅽ_/ ш낵,,,遺__,,"_が. 珥__由, щ━釉, 寃ш낵瑜, ≫_ 깆_ 異____",,__밸_ _뎄 利__濡7湲 28-13
123,臾몃같,利__二,"援_ 李곗_, 援_ 硫_“",40%,500ml / 1000ml,"____紐__ 7 닿린異

 以__臾댄_臾명_ 86-1

 1990 ⑤_珥_━湲__ 留_갔二

 

 2000 ⑤_____ 留_갔二

 2007 ⑤_____ 留_갔二

 2007 _援_由ъ___ 湲__ (利____二 遺臾)

 2011 _援_由ъ___ λ_ (利____二 遺臾)",媛__留/諛곕_/援ъ___/怨〓Ъ留,臾몃같_Т/諛고_,____,,遺__,,"__ 밸_吏吏, 李몄_댄_  댁_由곕_.",,寃쎄린 源ъ_ 듭_ __由 203-4
124,臾몃같 ㅻ━곗(40%),利__二,"硫_“,李곗_,",40%,200ml,__,留__泥___,怨쇱_/怨≫_/__ы_,,,遺__,щ_,__,,寃쎄린 源 듭_ 寃2濡15踰_만 27
125,臾몃같 ㅻ━곗(25%),利__二,"硫_“,李곗_,",25%,375ml,__,留__泥___,怨쇱_/怨≫_/__ы_,,,遺__,щ_,蹂듭由,,寃쎄린 源 듭_ 寃2濡15踰_만 27
126,臾명_ _＜,_＜,,13%,700ml,__,吏__留,洹몄___/怨쇱_,____,곕_,臾듭_,,__ 吏__ __!,,寃쎌_遺__ 臾멸꼍 __硫 몄由 192踰_
127,誘몃_由 __嫄몃━,_＜,/  臾대_ 誘몃_由ъ_異__,6%,750ml,"2013 _援_由ъ___  (__嫄몃━ 遺臾)

 2014 SIWC __

 2014 Monde-selection 湲__",,,____,____,遺__,__랬," 誘몃_由 _臾댁묠 , 誘몃_由щ __ _＜  댁_由곕_.",,
128,誘몃_,_＜,,6%,750ml,2010 _援_由ъ___ 理____ (__嫄몃━ 遺臾),媛__留/吏__留,,_밸_,,泥_媛,__랬,_源移_  댁_由곕_.,,
129,誘몃Ⅴ,利__二,"(援_ 寃쎄린誘 100%), _）, __","25%, 40%, 54%",375ml,__,____,곕___,밸_,,遺__,,"以___━, 源移__媛, 쇨껸",,寃쎄린 ⑹_ 泥__援 _硫 二쎌_濡 2298-1
130,誘몃そ,_＜,/  몄_,7%,360ml,__,,,____,____,源__,,__ 吏__ __!,,
131,誘몄_ __嫄몃━,_＜,/ _）/ __,7%,750ml,__,媛____,怨____,____,____,泥_媛,,寃 __ __李,,寃쎌_遺__ 몄_援 洹쇰_硫 몄_2湲 4
132,誘몄_由(me3) 洹몃┛,_＜,/ __怨쇱_,3%,350ml,__,源____/怨쇱_留,怨쇱_,_밸_,,遺__/源__,,__ 吏__ __!,,
133,誘몄_쎌＜,"쎌＜,泥＜",李뱀/ _）/ __,15%,500ml,__,源____,怨쇱_,밸_,____,遺__/媛踰쇱,⑷_鍮,怨⑤_대_ __ 臾댁묠  쎄_ 곕_ 留__ __ __怨  댁_由곕_.,,寃쎄린 _＜ 踰__ ъ_밸_ 763
134,誘몄__＜,"쎌＜,泥＜",李뱀/ _）/ __,10%,500ml,__,源____/ 怨〓Ъ留,몄_,____,곕_,遺__,__蹂대━,쇱怨_린 깆_ __怨  댁_由곕_.,,寃쎄린 _＜ 踰__ ъ_밸_ 763
135,誘쇰__,"쎌＜,泥＜",/ _）/ 誘쇰_,13%,330ml,"2008 SWSC __

 2011 _援_由ъ___  (쎌＜/泥＜ 遺臾)",,誘쇰___,____,,遺__,,밸㈃ 肄⑸_臾쇱_ ｌ 肄⑸_臾쇱_梨_  댁_由곕_.,,
136,諛ㅺ_κ린,"쎌＜,泥＜",援_ / 諛/ _）/ __,14%,375ml,__,,諛ㅽ_/怨____,,,遺__,,怨듭＜援갈__ 醫_ 留ㅼ묶대_.,,異⑸_ 怨듭＜ ш끝硫 留_끝щ_ 49
137,諛곌_  臾대_,_＜,留듭/ｌ_異__臾,14%,2ml,__,,諛__,_밸_,_곕_,嫄몄_,_㉨__,_몄_,,媛__ __援 댁_硫 臾쇨구由 508-2
138,諛곌_댁,_＜,  26.1%/ ⑤え 0.07%/ __ 0.05%/ 깆_ 72.31%,10%,720ml,곕━____ _＜遺臾 곗_,源____,____,____,____,泥_媛/媛踰쇱,,"__ _ъ_ _린 醫__, __怨  댁_由щ_ 留_구由 _＜__.",,
139,諛깅_移_뎄 留_구由,_＜,,6%,750ml,2012 _援_由ъ___ λ_ (__嫄몃━ 遺臾),源____,,____,____,遺__/源__,,留_구由ъ_ 遺__ 紐 _怨  μ_ 媛吏_Ъ  吏耳_.,,
140,諛깅_移_뎄 _린__留_구由,_＜,/ __,6%,750ml / 900ml,2012 _援_由ъ___ 理____ (닿_留_구由 遺臾),대_,__,,,遺__/源__,,__諛__怨  댁_由곕_.,,
141,諛깅_ 留_,"쎌＜,泥＜",諛깅/ __/ 臾쇱_/ 怨쇰_/ _）/ 諛깅_/ _） ,12%,375ml,__,怨____,諛깅___/ __,____,____,遺__,,대У_━  댁_由곕_.,,異⑸_ 뱀_ __硫 __濡 813
142,諛깅_ __嫄몃━ snow (ㅻ_),_＜,諛깅/ 곗_/ __/ 醫_뎅/ ⑤え/ ____/ 臾쇱_ ,6%,750ml,__,源____/____,_Ъ/,_밸_,,源__/媛踰쇱,곗_,_諛___  댁_由곕_.,,異⑸_ 뱀_ __硫 __濡 813
143,諛깆_二,"쎌＜,泥＜",ㅺ갚誘/ ___）/ 援ш린/ ㅻ/ __/ 곗_/ 吏__/ 諛깅Ц/ 諛깆_/ 곗_/ 嫄닿_/ 怨__/ 媛__/ _뎅,13%,375ml,__,__留/ 몄_留/ 대_,몄_,_밸_,____,遺__,,"__, __, ≫_, 鍮_, 遺__湲, __낏,__由щУ臾댁묠 깃낵  댁_由곕_.",,媛__ ≪_援 __硫 __由 120
144,諛깆_蹂듬__＜,由ы_瑜 諛 湲고二쇰_,援_ / 援_ 蹂듬_,13%,360ml,"2012 _援_由ъ___ 곗_ (湲고二쇰_ 遺臾)

 2013 _援_由ъ___ 理____ (湲고二쇰_ 遺臾)

 2014 SIWC 

 2014 Monde-selection 

 2014 _援_由ъ___ λ_ (湲고二쇰_ 遺臾)",源____,,____,,,,"_蹂띠_, 대Ъ李_낵  댁_由곕_.",,
145,諛깆_二,_＜, 李뱀/ 硫μ/ / _）/ __,10%,500ml,__,怨____/源_留,寃ш낵瑜__/,____,____,遺__,,"怨⑤_, __  臾댁묠瑜_  댁_由곕_.",,媛__ __援 __硫 쇱_濡 211-57
146,諭_섕 __,怨쇱_二, _“⑺_ - 寃쎈___,12%, 375ml,"___명_濡__  __(諭_섕 __)

_뎅몃_ㅽ_몃_ 湲__

(諭_섕 __

 諭_섕 濡__

 諭_섕 __)",レ留,__留__,밸_,____,,猷⑤_,__ 怨_린瑜,,寃쎌_遺__ __ 湲__ _린由 414-2
147,諭_섕 濡__,怨쇱_二, _“⑺_(寃쎈_ __),11.50%, 375ml,"___명_濡__  __(諭_섕 __)

_뎅몃_ㅽ_몃_ 湲__

(諭_섕 __

 諭_섕 濡__

 諭_섕 __)",,蹂듭___,____,____,,遺__鍮,____,,寃쎌_遺__ __ 湲__ _린由 414-2
148,諭_섕 __ㅼ,怨쇱_二, _“⑺_(寃쎈_ __),12%, 375ml,_뎅몃_ㅽ_몃_ 湲__,,__留__,_밸_,,,,____,,寃쎌_遺__ __ 湲__ _린由 414-2
149,蹂__,_＜,__/ / _뎅/ ⑤え/ 용_,7%,800ml,__,媛__留/____,,____,_곕_,遺__,,"怨쇱_ __, 移대_ ㅽ쇱_ _굅 몃_  댁_由곕_.",,寃쎄린 _＜ 愿__硫 遺λ_21踰_만 60 1痢
150,蹂__ㅼ_щ_,利__二,"援_ , 援_ ㅻ_, 援_ 蹂듬_",40%,750ml,"2012 _援_由ъ___  (쇰_利__二 遺臾)

 2013 SWSC 

 2013 IWSC 

 2013 NYWSC 湲__",____/源____,ㅻ_/蹂듬___/泥__,,,遺__,____/__랬,"쇨껸닿뎄, μ_援ъ_  댁_由곕_.",,__⑤_ 媛__援 蹂__硫 깅_由140-3
151,蹂댁_ 媛__二,"쎌＜,泥＜",援_ 李뱀100%,15%,350ml,__臾댄_臾명_ __⑤_ 45,李뱀留/ 媛____,李뱀,,,泥_媛,⑷_,留ㅼ숴__ ъ숴 __ 諛__援ъ_ __援ъ_  댁_由곕_.,,
152,蹂듬_吏,"쎌＜,泥＜",/ 蹂듬_/ _）(援_ 諛⑥_),14%,375ml,__,대_,蹂듬___/ 怨〓Ъ,_밸_,____,源__,,__ 吏__ __!,,"寃쎄린 ъ＜ _㈃ 1濡 120, __"
153,蹂듬___40,利__二,蹂듬_ 利____,40%,500ml,__,____,怨쇱_,,,遺__,,__ 吏__ __!,,寃쎄린 ъ_ __硫 __由 512
154,蹂듬___,怨쇱_二, 蹂듬_/ __,12%, 375ml,2014 _援 곕━____ 怨쇱_二 遺臾 理____,蹂듬___,蹂듬___,,,,,__瑜/__,,寃쎄린 ъ_ __硫 __由 512
155,蹂듭__  留_구由,_＜,__猷 :/_）,7%,935ml,__,源_留,,밸_,____,泥_媛/遺__,,__ 議곕┝,,몄_愿__ 몄＜援 __硫 μ_由 439
156,蹂듭__ _＜,_＜,硫μ,10%,935ml,__,吏__留,吏__/_）,밸_,_곕_,臾듭_,,"移__,쇱怨_린 __몃┛.",,
157,遺 李몃_留_구由(__),_＜,,6%,950ml,__,대_,怨〓Ъ/怨쇱_,____,곕_,泥_媛/源__/遺__,,怨__ 瑗ъ_援ъ_  댁_由곕_. 怨쇱_ 怨__щ_ 留__寃 利_만  __.,,
158,遺_갭戮__嫄몃━,_＜, ㅻ_怨쇱_/ㅽ_鍮__諛곕_泥/ㅼ___,6%,950ml,'2013 _援 곕━ __' 닿_留_구由 遺臾 곗_,,怨쇱_,____,곕_,泥_媛/源__,蹂대_鍮,"留ㅼ_ 蹂띠__━, 遺移④_",,__ 遺_뎔 __硫 遺__怨듬_吏湲 14-11
159,遺_갭戮_,怨쇱_二, __/ㅻ_/二쇱_/ 怨쇰_,13%, 750ml,__,,ㅻ_,_밸_,,遺__,,怨_린瑜/移__瑜,,__ 遺_뎔 __硫 遺__怨듬_吏湲 14-11
160,遺,_＜,寃쎄린誘 100%,10%,375ml,"2013 _援_由ъ___ 理____ (닿_留_구由 遺臾)

 2014 IWSC __

 2014 Monde-selection ",,,_밸_,곕_,遺__/媛踰쇱,_갚,"__μ__, ____  댁_由곕_.",,
161,遺__ 곕━留_구由,_＜,,6%,750ml,2011 _援_由ъ___ 理____(__嫄몃━ 遺臾),媛__留/대_,怨〓Ъ,_밸_,____,媛踰쇱,,"_源移, 대Ъ_낵  댁_由곕_.",,
162,遺__怨≪＜,由ы_瑜 諛 湲고二쇰_,李뱀/ 援_ 硫μ,43%,700ml,"____紐__ 19 고_

 2013 _援_由ъ___ 理____ (由ы_瑜 遺臾)

 2014 IWSC __

 2014 Monde-selection 湲__",源_留/ 媛__留,ъ숴__,,,,,__怨 __  댁_由곕_.,,
163,遺_ __,_＜,( 寃쎄린誘 100%)/ _）/ _뎅/ __,11%,375ml,__,,,_밸_,곕_,遺__/源__,遺_,諛__,,寃쎄린 ⑹_ 泥__援 _硫 二쎌_濡 2298-1
164,鍮__蹂,怨쇱_二, 蹂듬_,7%, 370ml,__,蹂듬___,怨쇱_,,,泥_媛,,__ 吏__ __!,,寃쎄린 ъ_ __硫 __由 512
165,щ몄＜,_＜,_린 _/ 踰_,8%,750ml,__,,怨쇱_,____,곕_,,,由ъ_ 移__ __,,__⑤_ μ_援 μ_ ⑥_珥_만 19
166,ъ_듭_二,"쎌＜,泥＜",/ _）/ 諛媛猷,18%,550ml,__,媛__留/ __,,밸_,_곕_,遺__,,"怨_린, 移__ 깆_ 鍮_’ _（_（ __怨  댁_由곕_.",,媛__ ≪_援 __硫 __由 120
167,ъ_二,"쎌＜,泥＜",援_ 李뱀/ 援_ 硫μ,16%,,__,李뱀留,,,,,,__ 吏__ __!,,___ _뎄 __濡31踰_만 77 щ━
168,곕_ ㅻ_＜,由ы_瑜 諛 湲고二쇰_,ㅻ/ ㅽ_/ 二쇱_/ __/ 怨쇰_,16%,750ml,__,ㅻ__/대_/ 源____,ㅻ__/ ,,,,,"__ , 몄_ __ 깃낵  댁_由곕_.",,寃쎌_⑤_ 嫄곗갹援 嫄곗갹 __濡 2241
169,곕___＜,"쎌＜,泥＜",援_ 李뱀/ _）,13%,750ml,2011 _援_由ъ___ 곗_ (쎌＜/泥＜ 遺臾),,,____,,,,"__由щУ 臾댁묠, __━  댁_由곕_.",,
170,곕㉧猷 щ_ ㅼ_,怨쇱_二,곕㉧猷,11.50%,750ml,2018 곕━____ 怨쇱_二 遺遺 理____,,μ_猷__,_밸_,_곕_,臾듭_,,怨_린瑜,,寃쎈_ 源泥__ 利__硫 湲_끝由 3湲 29
171,곗_媛 紐__,由ы_瑜 諛 湲고二쇰_,援_ 二쇱_/ 援_ 곗_곗_ 5_렐,20%,375ml,"2012 _援_由ъ___ λ_ (由ы_瑜 遺臾)

 2014 _援_由ъ___ λ_ (由ы_瑜 遺臾)",곗_곗_留,곗_곗_,,,遺__,,___낵  댁_由곕_.,,
172,곗_멸린 ㅼ_,怨쇱_二,곕_湲,11%,375ml,__,대_,怨쇱_/諛__,____,_곕_,臾듭_,,__ 媛__ __怨  댁_由곕_.,,
173,곗_몄_ __異__嫄몃━,_＜,  36%/ _）3%/ __61%,6%,720ml,2018 곕━____ _＜遺臾 ,媛__留,怨쇱_,_밸_,곕_,臾듭_/__/遺__,,臾댄_怨 깆_ щ_ _몃_ 怨쇱_怨 沅__ 醫____.,,
174,곗_대_嫄몃━,_＜,,6%,750ml,"2012 _援_由ъ___  (__嫄몃━ 遺臾)

 2013 IWSC ",,怨쇱_/ш낵/諛____,____,____,遺__/泥_媛,,"硫___, 곗_댄_  댁_由곕_.",,
175,쇰_嫄몃━,_＜,(100%)/ 곗_곗_/ щ━怨__,6%,500ml,2011 _援_由ъ___ 곗_ (__嫄몃━ 遺臾),곗_곗_留,곗_곗_,,,泥_媛/源__,__랬,___낵  댁_由곕_.,,
176,쇱_異 __二,"쎌＜,泥＜",媛__ъ/ ___）/ __,15%,500ml,__,대_/ 媛__留,怨쇱_,____,____,遺__/源__,,__ _ _ 곗_ __ 李_낵  댁_由곕_.,,"몄_愿__ ⑤_援 멸뎄щ_ 50, 8痢 819-1"
177,쇱_異 __二,_＜,媛__ъ/ ___）/ __,13%,500ml,__,대_,,,____,臾듭_,__蹂대━,__ _ 二쇨씀誘 蹂띠_瑜_ 留ㅼ_  댁_由곕_.,,"몄_愿__ ⑤_援 멸뎄щ_ 50, 8痢 819-1"
178,쇳__＜,利__二,"硫μ, 李뱀, _）",45%,400ml,__,怨____,怨≫_/ _）,,,,__랬,__ 吏__ __!,,__ 醫__援 李쎈_沅_만 142
179,__ 留_구由 ,_＜,/ __대_,6%,750ml,2012 _援_由ъ___ λ_ (닿_留_구由 遺臾),____,,____,,泥_媛,,몃___ 怨__ 媛___낵  댁_由곕_.,,
180,__二,_＜,/ щ━怨__/ ш낵__/ ____/ ⑤え/ __,6%,750ml,__,,諛____,,,遺__,,_由ы_대_ __ 怨_린瑜_  댁_由곕_.,,__⑤_ μ_援 μ_ ⑥_珥_만 19
181,ㅽ_誘몄_ ,怨쇱_二,泥_,12%, 375ml,"2018 _援 二쇰_ Best of Best

2018 __ 명_濡__ 怨⑤_硫__ __",泥___,泥___,,_곕_,遺__,,議곌_李/ㅼ_ 댁_臾,,寃쎄린 __ ㅼ_硫 __곌만 108
182,ㅽ_誘몄_ __ __,怨쇱_二,援_ щ_,12%, 750ml,__,,怨쇱_,밸_,____,,,ㅽ_댄_/〓__━,,異⑹껌遺__ __援 留ㅺ끝硫 μ_由 825-1
183,ㅽ_誘몄_ __ ㅼ_,怨쇱_二,щ_/ 고_諛⑹/ ⑤え/ ㅽ_ ,12%, 750ml,__,レ留,щ_,_밸_,곕_,遺__,,__ 吏__ __!,,異⑹껌遺__ __援 留ㅺ끝硫 μ_由 825-1
184,ㅽ_誘몄_ 濡__ㅼ_몄,怨쇱_二, 援_ щ___,12%, 375ml,2013 _援_由ъ___ ,____,щ_/λ,_밸_,_곕_,,,李__,,異⑹껌遺__ __援 留ㅺ끝硫 μ_由 825-1
185,__ 諛,利__二,"留ㅼ_利__二쇱_, 踰_, щ_, 멸_二쇰_臾댁_留, __",25%,375ml,__,__щ_,ъ숴__,밸_,,,_레댁_, 쇨껸닿낵 _＜  댁_由곕_.,,異⑸_ __ 遊__ 遺_濡 5湲 16-10
186,__ 諛 X ν_쇳_濡__,利__二,"留ㅼ_利__二쇱_, 踰_, щ_, 멸_二쇰_臾댁_留, __",17%,375ml,__,,ъ숴__,밸_,,,,쇨껸닿낵 _＜  댁_由곕_.,,__밸_ _뎄 利__濡7湲 28-13
187,__二,"쎌＜,泥＜",援_ / __踰__/ _）/ ⑤え/ __,13%,720ml,__,대갚__/대_,援_/怨〓Ъ,밸_,곕_,,대갚,踰__ _낏  _낏瑜_  댁_由곕_.,,___ _뎄 __濡 137踰_만 31
188,__ __嫄몃━,_＜,/ _）/ ⑤え/ __⑥_/ 泥__媛_猷/ __,6%,750ml,__,대_/곕___/源____/移쇱뭡__,,밸_,곕_,泥_媛,,"ъ숴__ 留ㅼ_ __怨  댁_由  __. _由ы_, 媛__ 깅_ 異__ 硫__.",,寃쎄린 源ъ_ __硫 __濡 622
189,깆_誘쇱_留__ ㅻ_湲곗_,"쎌＜,泥＜",醫_/ _）,12%,375ml,__臾댄_臾명_ _＜ 3,媛__留,,,곕_,,,_＜ 媛__議곕┝怨 __吏二쇰Ъ_ 留ㅼ숴 留_낵 뱁_  댁_由곕_.,,
190,몄_由,利__二,"곗_, __, 援ш린, ",45%,700ml,__,쎌_留/ 대갚__,쎌_/ 곗_곗_,,,遺__/④굅,遺_/몃_,쇨_  紐 蹂댁_ __ 癒밸_ __怨   댁_由곕_.,,寃쎈_ 臾멸꼍 臾멸꼍 __濡 609
191,몄_ 留_구由,_＜,,6%,300ml/750ml,2013 _援_由ъ___ λ_ (닿_留_구由 遺臾),媛__留,,_밸_,곕_,遺__/泥_媛/臾듭_,,대Ъ李__ 留ㅼ_  댁_由곕_.,,異⑸_ 泥＜ 泥_援 ъ_濡 18湲 5-2
192,몄_ _갇二,_＜,__/ 諛깅/ _㎘遺/ _갇/ __/ ⑤え/ __,6%,750ml,__,諛ㅻ_,怨〓Ъ/諛ㅽ_,_밸_,곕_,臾듭_/源__,,쇱_ ___  댁_由곕_.,,異⑸_ 泥＜ 泥_援 ъ_濡 18湲 5-2
193,몄___二 쎌＜,"쎌＜,泥＜",/ _）/ __,15%,500ml,2019 _援_由ъ___ (쎌＜ 遺臾),媛__留,,밸_,____,遺__,, ⑤_ __怨 沅__ 醫__硫 _（  댁_由쎈_.,,異⑹껌遺__ 泥_援 댁_ 珥__由 257-2
194,몄_泥＜__嫄몃━,_＜,/ _㎘遺,6%,750ml,__,吏__留,,밸_,____,媛踰쇱,,源移__怨  댁_由곕_.,,異⑸_ 泥＜ 泥_援 ъ_濡 18湲 5-2
195,__臾댁 ,利__二,"援_ , ⑷린",43%,700ml,"2011 _援_由ъ___ 곗_ (쇰_利__二 遺臾)

 2012 _援_由ъ___ 곗_ (쇰_利__二 遺臾)",源____,쎌_,____,,遺__,,源__湲곗  댁_由곕_.,,異⑹껌遺__ __ ≫_硫 ≫_由 477-3踰_
196,_갚 寃肄 留_구由,_＜,,6%,"1500ml, 1200ml, 750ml",__,,怨〓Ъ,_밸_,곕_,,__蹂대━,__ 吏__ __!,,異⑸_ ⑥_援 媛_㈃ 媛__ 60
197,_갚  留_구由,_＜,,6%,"1700ml, 750ml",__,대갚__/援ъ___,諛__,____,____,源__,,踰___낏,,異⑸_ ⑥_援 媛_㈃ 媛__ 60
198,_갚 ㅼ_몄,怨쇱_二,щ_,12%,750ml,2019 _援 二쇰_,щ_留,ъ숴__,_밸_,,遺__,,쇨껸/蹂댁_/源移__/_뎄李/留ㅼ숴 蹂띠__━,,寃쎈_ _＜ ⑥_硫 __濡601踰_만 64
199,__,利__二,"__ (諛__ _, 諛깅), _）, __, _Т","36.5%, 56%","350mL, 750mL",__,留,諛고_/,,,遺__,,__ 吏__ __!,,寃쎄린 __ ъ_ 異⑹_湲 37
200,____留_구由,_＜,,6%,500ml,2010 _援_由ъ___ 理____ (__嫄몃━ 遺臾),媛__留,__,____,____,泥_媛,,留_구由ъ_ 泥_媛__ 怨__ 媛____ 留__ __ __以.,,
201,__二,"쎌＜,泥＜",諛깅 90%/ __쨌≪_ 10%,13%,375ml,__臾댄_臾명_ 援ш__ 11,媛__留,__,,,,,쇱媛__援ъ_ _┛대 __二쇱_  댁_由곕_.,,寃쎌_⑤_ ⑥_援 吏怨〓㈃ 吏怨≪갹珥_만 3
202,_껌__嫄몃━,_＜,,6%,750ml,2011 _援_由ъ___  (닿_留_구由 遺臾),媛__留,__,,,泥_媛/遺__,,梨__瑜 щ_ ｌ __留__ ___    留_구由щ_ __ 怨__댁_.,,
203,〓_二,利__二,"硫μ, __, __, 蹂듬_",48%,700ml,__臾댄_臾명_ 異⑹껌遺__ 3,____,__,,,遺__,,__踰___Ъ怨  댁_由곕_.,,異⑹껌遺__ 蹂댁援 _━곕㈃ 援щ_由 518踰_
204,〓_ 留_구由,_＜,/ 怨≪_/ __,6%,"500ml,750ml",__,媛____,,밸_,_곕_,__/遺__,,"곗_, ≪_  대갚 __ __ 留듦_ 吏 __대_ 湲곕_吏 怨_린瑜_ __ 沅__ 醫__.",,__ __ __硫 __由 392-1
205,≪_二,"쎌＜,泥＜",援_ / ≪__땐/ _）/ __,13%,375ml,__,踰__留/__留,踰__/ 泥___/ _が,,____,媛踰쇱,⑸___, 깆_ 援ъ_  댁_由곕_.,,異⑸_ 쇱_ 곕Т 留__濡 361
206,≫_諛깆_二,由ы_瑜 諛 湲고二쇰_,≫_/ __/ 곗_/ ㅻ/ 援ш린,38%,700ml,"____紐__ 1 議곗_洹

 __臾댄_臾명_ __遺__  6-4",__/ 源____,,,,遺__,,痍⑤_臾쇨낵  댁_由곕_.,,
207,__⑤낯720,利__二,"援_ , 援_ 몄_",43%,720ml,2014 _援_由ъ___  (쇰_利__二 遺臾),__/源____,몄_,,,遺__/泥_媛,щ___,___  댁_由곕_.,,異⑸_ 湲__援 湲__硫 __湲 23
208,_렇由щ_ __二,_＜,/ _）,10%,500ml,__,源_留/源____,源_/諛__,,____,遺__/源__,,__ _ _ 諛깆_ 깃낵  댁_由곕_. __ __  댁_由곕_.,,寃쎄린 __ ㅼ_硫 __곌만 108
209,__16,由ы_瑜 諛 湲고二쇰_,/ ㅻ/ 二쇱_/ _갚,16%,375ml,__,ㅻ__,ㅻ__,,,,,"____, __, 〓_ 諛 移__, 댁_臾쇨낵  댁_由곕_.",,寃쎄린 ⑹_ 泥__援 _硫 二쎌_濡 2298-1
210,__19,由ы_瑜 諛 湲고二쇰_,二쇱_/ 利____二/ _갚/ __/ 媛__,19%,375ml,__,__/ 媛__留,__/ 媛__,,,,_が鍮,__ 吏__ __!,,寃쎄린 ⑹_ 泥__援 _硫 二쎌_濡 2298-1
211,__ 援_二,"쎌＜,泥＜",援_ 李뱀/ _）/ 嫄댁“援_苑/ 利__二/ __,15%,375ml,__,____/,____/ 援_,_밸_,,,,"_레 __, 媛踰쇱_ ____瑜 異____.",,"寃쎄린 ъ＜ _㈃ 1濡 120, __"
212,__ 留_구由,_＜, 李뱀/ _）/ __,8%,450ml,__,吏__留,源_,밸_/_밸_,_곕_,臾듭_,,"鍮__ 媛踰쇱_ __ 留_ __湲곌뎅, 誘몄_援, 怨_援 깅_ 醫_ 留ㅼ묶대_.",,"寃쎄린 ъ＜ _㈃ 1濡 120, __"
213,__ 留ㅽ_二,"쎌＜,泥＜",援_ 李뱀/ _）/ 嫄댁“留ㅽ_苑/ 利__二/ __,15%,375ml,__,____/ ____/ 留,____/ 留ㅽ_,_밸_,,,,"_레 __, 媛踰쇱_ ____瑜 異____",,"寃쎄린 ъ＜ _㈃ 1濡 120, __"
214,__ _끝二,"쎌＜,泥＜",援_ 李뱀/ _）/ 利__二/ __,20%,375ml,__,____/ 源⑤___/ 留,____/ 源⑤___,_밸_,곕_,臾듭_,,"留_ κ뎅  __  댁_由곕_. 留_ __湲곌뎅, 誘몄_援, 怨_援 깅_ 醫_ 留ㅼ묶대_.",,"寃쎄린 ъ＜ _㈃ 1濡 120, __"
215,__ 고_二,"쎌＜,泥＜",援_ 李뱀/ _）/ 嫄댁“고_苑/ 利__二/ __,15%,375ml,__,____/ 源____,____/ 곌_,____,,泥_/源__,,곗_諛 깆_ 異____.,,"寃쎄린 ъ＜ _㈃ 1濡 120, __"
216,____ __二,_＜,/ _）,13%,500ml,__,,,,,泥_媛/遺__,遺_,대갚 留__ __怨 媛_ __怨 留ㅼ_  댁_由곕_.,,寃쎄린 __ ㅼ_硫 __곌만 108
217,_랬 __,_＜,( 寃쎄린誘 100%)/ _）/ _뎅/ __,11%,375ml,__,대_,吏__,_밸_,곕_,遺__,遺_,"怨쇱_, 移__  댁_由곕_",,寃쎄린 ⑹_ 泥__援 _硫 二쎌_濡 2298-1
218,___갇,_＜,/ _）,8%,750ml,__,源____,源____,밸_,,遺__/媛踰쇱,,"밸_, __, 留ㅼ숴 _Т移, ___ 댁_由곕_.",,媛__ __援 댁_硫 ⑺_湲 31-25
219,ㅽ踰_━ㅻ_,怨쇱_二, _“⑺_(寃쎈_ __),12%, 500ml,"___명_濡__  __(諭_섕 __)

_뎅몃_ㅽ_몃_ 湲__

(諭_섕 __

 諭_섕 濡__

 諭_섕 __)",,__留__,,,,猷⑤_鍮,__ 吏__ __!,,寃쎌_遺__ __ 湲__ _린由 414-2
220,ㅽ_대_,怨쇱_二, ш낵,7.20%, 750ml,"2011 _援 곕━____ 怨쇱_二 遺臾 곗_

2015 _뎅 踰__몄뺄__ 怨⑤_ __

2016 _援 二쇰_ BEST OF BEST __

2017 ___명_濡__ ㅻ_

2018 _援＜瑜_ _뎅몃臾 ",____,,,,,,移__瑜/怨쇱_瑜,,寃쎈_ __ 怨_꼍硫 怨__由 494-3
221,ㅽ_대_ ㅻ濡__ 寃,怨쇱_二,ㅻ,12%, 750ml,__,대_,怨쇱_,_밸_,_곕_,遺__/泥_媛,,몄___,,寃쎈_ 臾멸꼍 臾멸꼍 __濡 609
222,__釉__ __ 11,怨쇱_二,泥_щ_,12%,550ml,2019 곕━____ 怨쇱_二 遺臾 理____,____,泥___,,,,_が怨⑤_鍮,댁_臾쇰_,,異⑸_ __援 ъ_硫 쎈ぉ 2湲 26
223,____,_＜,/ _）/ __,10%,700ml,__,,,,,臾듭_,,"誘쇰Ъ怨_린 留ㅼ__낵 媛__ 癒밸_ 寃__ 醫__. __ 媛踰쇱_ __由щУ, 寃__, _Ъ 깅_ 醫__",,異⑹껌遺__ μ_援 댁_硫 臾_ぉ濡 113
224,_紐_＜,利__二,"_＜곌_洹, 媛_랠 利__二",50%,750ml,__,____,媛_랠/ 諛__쇳_,____,,遺__,,"__, 援ъ_  댁_臾쇰_ __, 蹂댁_  〓_  댁_由곕_.",,_＜밸___ _ъ_ ⑥_ _泥__ 46
225,ъ_ __,怨쇱_二,蹂듬_,3.80%,180ml,__,蹂듬___,蹂듬___,____,____,,,μ_援ъ_/移__瑜,,寃쎄린 ъ_ __硫 __由 512
226,ъ_6 留_구由,_＜,/ 援/ 嫄댁“⑤え/ __ㅽ_移쇰ⅷ/ ____,6%,500ml,__,,怨쇱_,밸_,,遺__/泥_媛,,__ 吏__ __!,,寃쎄린 ъ_ __硫 __由 512
227,__ 375,怨쇱_二,щ_,12%, 375ml,"2011 _援 곕━____ 怨쇱_二 遺臾 곗_

2015 _뎅 踰__몄뺄__ 怨⑤_ __

2016 _援 二쇰_ BEST OF BEST __

2017 ___명_濡__ ㅻ_

2018 _援＜瑜_ _뎅몃臾 ",,,_밸_,_곕_,,猷⑤_鍮,寃ш낵瑜/怨쇱_瑜/移__瑜/_몃_,,寃쎈_ __ 怨_꼍硫 怨__由 494-3
228,__ 留_구由,_＜,/ 諛/ _뎅/ _）/ __,6%,750ml,__,媛踰쇱_留,,,,臾듭_,,"鍮___━ _━諭__, 洹몃━怨 誘쇰Ъ 留ㅼ__낵 媛__ 癒밸_ 寃__ 媛 醫__.",,異⑹껌遺__ μ_援 댁_硫 臾_ぉ濡 113
229,__二,"쎌＜,泥＜",李뱀/ 硫μ/ _）/ __,17%,500ml,__,대_/源____,怨쇱_,_밸_,,,댄_,紐_ 깆_ __瑜_  댁_由곕_.,,寃쎄린 _＜ 踰__ ъ_밸_ 763
230,___＜,利__二,援_ ,45%,400ml / 600ml /800ml,"__臾댄_臾명_ 寃쎌_遺__ 12

 ____紐__ 20 議곗_",媛__留,대갚__/__,,,遺__,__랬,"≫_, 怨__닿뎄댁  댁_由곕_.",,寃쎌_遺__ __ 媛__濡 71-1(__)
231,__留_땄 __嫄몃━,_＜,/ _）/ ⑤え/ __/ __⑥_/ __,6%,1000ml,__,媛踰쇱_留,諛____,,,泥_媛/ 遺__,," 臾듭_ 怨_린瑜__怨__  留__. 遺__湲, ≪_, ㅼ_댁 __瑜 щ_ ｌ 湲곕_吏 대Ъ__ 醫__.",,寃쎄린 __ __硫 __濡 241-14
232,____二,_＜, _/  移__寃 _갯,6%,1700ml,2013 _援_由ъ___ λ_ ( 留_구由 遺臾),щ___,,밸_,,遺__/泥_媛,,_숴__ 移쇱뭡 ㅼ“媛  臾댁묠怨  댁_由곕_.,,
233,_____렇由ъ_,怨쇱_二, щ_/ __二쇱_/ __/ щ___/ 怨_낵,3.50%, 500ml,__,,,_밸_,,泥_媛,,_몃_,,
234,______,怨쇱_二, ш낵,3.50%, 500ml,__,,ш낵,,,泥_媛,,源瑜,,
235,____명_,由ы_瑜 諛 湲고二쇰_,ш낵怨쇱_/ 蹂대━/ / ,3.50%,500ml,__,源_留/ ___/ 닿뎅__留,源_/ ___/ ш낵/ 留μ＜/κ___,,,泥_媛,,"移__ 諛 _, 源瑜_ __  留__.",,
236,쇨臾몃_嫄몃━,_＜,/ 醫_뎅/ __/ _）/ ⑤え/ 쇨臾,6%,750ml,__,源____/__留/,怨____,____,____,媛踰쇱_/源__,__蹂대━,쇱____  댁_由곕_.,,__遺__ ⑥_ 대_ ⑹_濡 1018
237,__  __二,_＜,__/ 諛깅/ ⑥_/ ⑤え ,10%,750ml,__,媛__留,ш낵/怨____,밸_,곕_,泥_媛,,源移__怨 ④_ _㈃ 醫__.,,異⑸_ 쇱_ __硫 留ㅼ＝__1665踰_만 14-9
238,__  留_구由,_＜,쏀_誘/ _㎘遺/ __/ 臾쇱_/ ⑥_/ 援 ,6%,750ml,__,媛__留,ш낵/怨____,____,____,遺__,,_ 寃__ 源移_ ④__㈃ 醫__.,,異⑸_ 쇱_ __硫 留ㅼ＝__1665踰_만 14-9
239,__ 곕_댁 泥＜,"쎌＜,泥＜",援_ 李뱀/ 援_곗/ _뎅/ ⑤え/ 醫_뎅,14%,500ml,__,留,,_밸_,곕_,泥_媛,臾대_,"__, __怨 댁_由곕_.",,異⑸_ 쇱_ __硫 留ㅼ＝__1665踰_만 14-9
240,ы_ 轅 (__),怨쇱_二,援_ щ_,12%, 750ml,__,щ_留,,밸_,____,源__,,議곌린李,,異⑸_ __援 __硫 __吏珥_만 75(ы_몃_)
241,ы_ 轅 __,怨쇱_二,援_ щ_,12%, 750ml,__,レ留,,____,____,媛踰쇱,,ㅽ_댄_瑜,,異⑸_ __援 __硫 __吏珥_만 75(ы_몃_)
242,__二쇱“ _Т_,利__二,"__,諛_）,__",53%,350ml,__,臾듭___,苑__,,,遺__,,__,,媛__ __援 댁_硫 臾쇨구由 508-2
243,__留_구由 ,_＜,/ _）,8%,750ml,__,대_/곕___,怨____,____,_곕_,媛踰쇱,곌_,ㅻ━ 二쇰Ъ낵  댁_由곕_.,,媛__ ≪_援 __硫 __由 120
244,ㅻ___40,利__二,ㅻ_利__二쇱_,40%,500ML,__,ㅻ_留,ㅻ_,____,,遺__,,__ 吏__ __!,,寃쎄린 ъ_ __硫 __由 512
245,ㅻℓ,利__二,"諛곕 利__ __, __, ㅽ_, 留ㅼ_, ㅻℓ(援ъ_ 留ㅼ_)",40%,500ml,__,留ㅼ_留/諛곕_,留ㅼ_/諛고_,____,,遺__,,"_湲, 遺移④_",,寃쎄린 ъ_ __硫 __由 512
246,ㅻℓ쏀_,由ы_瑜 諛 湲고二쇰_,援_ 諛곗_瑜__,40%,500ml,"2012 _援_由ъ___ λ_ (由ы_瑜 遺臾)

 2014 _援_由ъ___ λ_ (由ы_瑜 遺臾)",諛곕_,____/ ъ숴__/ _뭅__轅,_밸_,,媛踰쇱,,_湲곗_由ъ  댁_由곕_.,,寃쎄린 ъ_ __硫 __由 512
247,ㅻ_湲 留_,"쎌＜,泥＜",醫_/ _/ __/ _）,16%,500ml,__,,怨쇱_,_밸_,,遺__,,怨__由 깆_ _Ъ 臾댁묠,,_＜ _ъ_ __硫 以__媛__濡 4726
248,ㅻ濡__ ㅽ_대_ ,怨쇱_二, 援_ ㅻ,12%, 750ml,__,ㅻ__,ㅻ━__,_밸_,_곕_,,,_갔__,,寃쎌_遺__ 臾멸꼍 __硫 몄由 192踰_
249,ㅽ_ ㅽ_대_ 留_구由,_＜,諛깅/ 嫄댁_誘몄_/ 議고___/ ⑤え/ __,9%,500ml,__,ㅻ__,ㅻ__/怨____,밸_,____,泥_媛/源__,遺_,μ_援ъ_  댁_由곕_.,,寃쎌_遺__ 臾멸꼍 __硫 몄由 192踰_
250,_ℓ 留_구由,_＜,/ 留ㅼ___1%,6%,750ml,2012 _援_由ъ___ 理____ (__嫄몃━ 遺臾),____,,,____,遺__/泥_媛,,瑗щ___ 湲곕_湲곗 쎄_ 鍮_┸ __瑜 留ㅼ_ __怨 __ ≪_二쇱_ 源____ 留__  __.,,
251,__二,利__二,"援_ , 諛, _）, __",25%,330ml,__,諛ㅻ_/ 源____,諛ㅽ_,밸_,,遺__,,援ъ_瑜  怨_린瑜 __  댁_由곕_.,,寃쎄린 __ __硫 __濡 241-14
252,__泥__ _ 誘몄___嫄몃━,_＜,/ _）/ __,7%,750ml,__,,,____,____,遺__/媛踰쇱/泥_媛,,寃 __ __李,,寃쎌_遺__ 몄_援 洹쇰_硫 몄_2湲 4
253,곌끝二,_＜,,13%,375ml,__,怨____/ __,ъ숴__/ __,____,____,嫄몄_,,援ъ_,,寃쎄린 __ __硫 __濡 835
254,곕__쉘__二,_＜,/곕__쉘,6%,750ml,__,怨____/湲곕_吏__,怨____,_밸_,곕_,源__,,"_＜ __ 癒밴린 명_硫, 대Ъ__, __由щУ 깃낵  댁_由곕_.",,
255,곕_댁  留_구由,_＜,,8%,750ml,__,源____/源_留,,_밸_,곕_,遺__,,쇱_ __,,異⑸_ 쇱_ __硫 留ㅼ＝__1665踰_만 14-9
256,곕━諛 留_구由 μ_,_＜,/ 諛/ _뎅/ _）/ __,9%,700ml,__,吏__留,吏__,밸_,____,臾듭_,,"_━諭__. __由щУ, 寃__, _Ъ",,異⑹껌遺__ μ_援 댁_硫 臾_ぉ濡 113
257,멸___嫄몃━ ,_＜,/  멸_,6%,750ml,2013 _援_由ъ___ 곗_ (__嫄몃━ 遺臾),멸_留,멸_,____,곕_,泥_媛,,源移__怨  댁_由곕_.,,
258,_ℓ,利__二,"留ㅼ__＜, 留ㅼ_泥, 轅, 移대_硫, ⑥_泥_━ㅽ_鍮__, __",20%,750ml,__,대_,____,____,____,,몃_,_＜ __湲 蹂띠_  쎄_ __  源__ __怨  댁_由곕_.,,__ _뎄 利__濡7湲 28-13
259,_ℓ _━誘몄_,由ы_瑜 諛 湲고二쇰_,援_ ⑸ℓ,20%,700ml,"2013 Monde-selection 湲__

 2013 SWSC 

 2014 SWSC 

 2014 IWSC 

 2014 Monde-selection 湲__

 2014 _援_由ъ___ 理____ (由ы_瑜 遺臾)",留ㅼ_留,留ㅼ_,_밸_,곕_,遺__,댄_,"__,珥_갈怨  댁_由곕_.",,
260,_“_끝二,"쎌＜,泥＜",李뱀: 36%/ _）3%/ __61%,16%,720ml,2018 곕━____ 쎌＜ 泥＜ 遺臾 곗_,,ъ숴__,_밸_,,,,__ 吏__ __!,,
261,_ℓ 留_구由(罹),_＜,諛깅/ 留__щ━怨__/ __,6%,350ml,2017 _援 곕━____ 닿_留_구由 遺臾 곗_,____,諛__,____,____,泥_媛/媛踰쇱,곗_/__랬,__怨  댁_由곕_.,,
262,_린__14,"쎌＜,泥＜",臾/ _린_/援[_린_]/ 곕━諛_）,14%,750ml,2019 곕━ __ 쎌＜/泥＜ 遺臾 理____,,,밸_,,遺__/ 源__,,__ 吏__ __!,,
263,____嫄몃━,_＜,寃쎄린誘 75%/ __ 20% / 留μ_ 5%,5%,750ml,"2013 _援_由ъ___ 理____ (__嫄몃━ 遺臾)

 2014 IWSC 

 2014 Monde-selection ",__留,__,밸_,____,臾듭_/源__,몃,밸_鍮_≪_ 怨___留 湲곕_吏 留__ 泥_媛__ 댁___ ____嫄몃━ __ __ 媛____ 댁.,,寃쎄린 __ __硫 __濡 835
264,__μ＜,_＜,/ __/ ____,6%,750ml,__,__留,__,_밸_,,遺__,,__ __  以__ _＜  댁_由곕_.,,__ 怨__援 __硫 二쎌_ν_湲 45
265,_낏  _같湲,_＜,,5%,750ml,__,대_,,밸_,____,泥_媛/遺__,,__,,寃쎈_ _＜ 泥_㈃ 遊__2湲 16-4
266,_┝_＜,利__二,援_ ,40%,700ml,2013 _援_由ъ___ λ_ (利____二 遺臾),源____,/源____,,,,__랬,"__ __援ъ_, ≪__  댁_由곕_.",,異⑹껌遺__ __ 遊__ __由 276
267,대_,由ы_瑜 諛 湲고二쇰_,援_ / 援_ 諛,55%,700ml,"2012 _援_由ъ___ 理____ (湲고二쇰_ 遺臾)

 2013 _援_由ъ___ 곗_ (湲고二쇰_ 遺臾)",諛곕_,諛고_,,,,,苑__ш뎄댁  댁_由곕_.,,寃쎄린 __ __硫 __濡 835
268,대_,利__二,(援_),22%,375ml,__,대_,_/ ⑦_,____,,遺__,,쇨껸  〓_ __몃┛.,,異⑸_ 泥＜ 泥_援 ъ_濡 18湲 5-2
269,댁___嫄몃━,_＜,,6%,1000ml,2011 _援_由ъ___ λ_ (__嫄몃━ 遺臾),源_留,源_,,,泥_媛,, 듭 源移__ 源_ 留_낵 대갚 _濡 留__ _源移,,
270,댄_諛깆＜,_＜, _/ __ _）/ __,6%,940ml,__,_が留,_숴__,밸_,____,泥_媛/遺__/媛踰쇱,,"媛__李, 대Ъ__, 蹂댁_, 議깅_  〓_ 沅__ 醫__.",,寃쎈_ __ __硫 異⑸_濡 941
271,댄_二,_＜,( 寃쎄린誘 100%)/ _）/ __,8%,100ml,__,怨〓Ъ留,,_밸_,곕_,嫄몄_/遺__,_㉨__,__ 吏__ __!,,寃쎄린 ⑹_ 泥__援 _硫 二쎌_濡 2298-1
272,___＜,_＜,,7%,750ml,"2010 _援_由ъ___ 곗_ (__嫄몃━ 遺臾)

 2012 _援_由ъ___ 곗_ (__嫄몃━ 遺臾)",源____/怨____,怨____,밸_,곕_,遺__/臾듭_,__랬,"____ 遺__  __濡 留ㅼ_ 媛__李_ 쎄_ ⑤_怨 __, 洹몃━怨  __ 泥_媛__ __ ___＜  댁_由곕_.",,
273,__,怨쇱_二, 援_ __,12%, 750ml,2014 _援_由ъ___ λ_,____,__,_밸_,_곕_,,,〓_/댁_臾쇰_,,
274,__댁 蹂듬___嫄몃━,_＜, 蹂듬_(怨_갹),6%,360ml,"2012 _援_由ъ___ 곗_ (닿_留_구由 遺臾)

 2014 _援_由ъ___ 곗_ (닿_留_구由 遺臾)",蹂듬___,怨쇱_,밸_,곕_,遺__/臾듭_/源__,,__ 吏__ __!,,
275,__댁 ㅻ__嫄몃━,_＜,85%/ ㅻ15%,7%,360ml,2011 _援_由ъ___ 理____ (닿_留_구由 遺臾)),ㅻ__,ㅻ__,____,_곕_,源__/泥_媛,遺_,"泥_臾듯___, 怨__怨쇱_怨  댁_由곕_.",,
276,__ 援_二,"쎌＜,泥＜",援_ ,15%,375ml,2014 _援_由ъ___ λ_ (쎌＜/泥＜ 遺臾),대_/吏__/留ㅼ_留,⑷뎅__,밸_,곕_,臾듭_/ 泥_媛,,"댁_臾쇱_由, 怨쇱____  댁_由곕_.",,
277,μ___吏 吏_＜ _━誘몄_,"쎌＜,泥＜",",μ___吏",16%,500ml,__,__吏留,__吏/_）,,,遺__,,__怨  댁_由곕_.,,
278,μ_留_구由,_＜,,6%,750ml,2020 _援 二쇰___  __,媛踰쇱_留/____,,____,____,泥_媛/遺__/媛踰쇱,__랬,"대Т源移,_源移,硫__",,
279,μ___二,由ы_瑜 諛 湲고二쇰_,援_ 몄_,25%,750ml,"2009 _援_由ъ___  (由ы_瑜 遺臾)

 2011 _援_由ъ___ 곗_ (由ы_瑜 遺臾)",__留,__,,,遺__,,"媛__李,_낢李쎌_怨④낵  댁_由곕_.",,
280,_＜닿_二(19%),由ы_瑜 諛 湲고二쇰_,援_ ,19%,375ml,"____紐__ 9 議곗_

 __臾댄_臾명_ __遺__ 6-2

 2010 _援_由ъ___  (19%

 由ы_瑜 遺臾)",留ㅼ_留/ ____,,____,,,몃,"蹂댁_, 踰____낏怨  댁_由곕_.",,
281,_＜닿_二(25%),由ы_瑜 諛 湲고二쇰_,援_ ,25%,500ml,"____紐__ 9 議곗_

 __臾댄_臾명_ __遺__ 6-2

 2011 _援_由ъ___  (25%

 由ы_瑜 遺臾)",留ㅼ_留/ ____,,____,,,몃,"蹂댁_, 踰____낏怨  댁_由곕_.",,
282,_＜媛_랠二 洹ㅻ_留,由ы_瑜 諛 湲고二쇰_,媛_랠__(_＜),7%,750ml,"2011 _援_由ъ___  (湲고二쇰_)

 2012 _援_由ъ___ λ_ (湲고二쇰_)",__由__留/ ____,,____,____,,,쇨껸닿뎄댁  댁_由곕_.,,
283,_＜____ 怨__由ъ_,利__二,"↔끝, _）, __",40%,400ml,__,__留/吏__留,援ъ___/__,,,遺__/源__,__랬,由_린 留_ 怨__ ,,_＜ _ъ_ __硫 以__媛__濡 4726
284,二쇰そ蹂듬__＜,由ы_瑜 諛 湲고二쇰_,援_ / 援_ 蹂듬_,16%,375ml,"2010 _援_由ъ___ 理____ (湲고二쇰_ 遺臾)

 2011 _援_由ъ___ 곗_ (湲고二쇰_ 遺臾)

 2014 _援_由ъ___ 곗_ (湲고二쇰_ 遺臾)",,蹂듬___/ _）,____,,遺__,_랬媛__,〓___援ъ_  댁_由곕_.,,
285,二쇱_ 蹂듬_ 留_구由,_＜,/ 蹂듬_,6%,750ml,2014 _援_由ъ___ λ_ (닿_留_구由 遺臾),____,,_밸_,곕_,泥_媛,,μ_援ъ_ 留ㅼ_  댁_由곕_.,,"寃쎄린 媛_뎔 _㈃ 蹂닿___ 26, 29"
286,二쎈_怨,利__二,"援_곗, 二쎈_, _）, __",32%,700ml,__臾댄_臾명_ __遺__ 6-3,____/____,_Т/__/__ы_,밸_,,泥_媛,щ___/ 곕_,≫_ __ ⑤_ 댁_ __ ↔_鍮_ 媛_ _＜  댁_由곕_.,,__ __ __硫 __由 392-1
287,以__ __嫄몃━,_＜,,6%,750ml,2014 _援_由ъ___ 理____ (__嫄몃━ 遺臾),媛__留/대_,怨쇱_,밸_,곕_,泥_媛/遺__,,"二쇨씀誘몃낭, __臾댁묠怨  댁_由곕_.",,
288,吏由ъ_ __ _ 留_구由,_＜,/ 醫_뎅/ __/ _）/ ⑤え,6%,750ml,__,__留/곕___/怨____,怨____,밸_,곕_,遺__,곗_,__ 怨쇱_ ___  댁_由곕_.,, __遺__ ⑥_ 대_ ⑹_濡 1018
289,吏由ъ_ __ ,_＜,/ 醫_뎅/ __/ _）/ ⑤え/ __,6%,750ml,__,대갚__,__/濡__硫_━/쇰깽ㅽ_/源____/__/怨〓Ъ,밸_,곕_,泥_媛/遺__/媛踰쇱,몃,_鍮__  댁_由곕_.,,__遺__ ⑥_ 대_ ⑹_濡 1018
290,吏μ_ 몃_留_구由,_＜,/ 몃_,6%,550ml,2014 _援_由ъ___ 理____ (닿_留_구由 遺臾),源____/レ留,,밸_,곕_,遺__/臾듭_,몃,_源移_  댁_由곕_.,,
291,吏__嫄몃━,_＜,,5%,750ml,__,源____,,____,,泥_媛,__蹂대━,__ 吏__ __!,,
292,吏___＜ 猷⑤_肄,由ы_瑜 諛 湲고二쇰_,援_ / 援_ 吏珥,40%,375ml / 500ml / 700ml,"2007 ⑤_____ 留_갔二 (40%)

 2010 _援_由ъ___ 곗_ (40%

 由ы_瑜 遺臾)",蹂대━留/ 留/ _）留,蹂대━/ / _）,,,遺__,遺_,"梨__ㅽ_, 쇱怨_린 ㅻ_ㅻ_  댁_由곕_.",,__ 吏__援 援곕_硫 __由 98
293,吏___＜ __由,由ы_瑜 諛 湲고二쇰_,援_ / 援_ 吏珥,35%,375ml / 500ml / 700ml,"2011 _援_由ъ___ λ_ (35%

 由ы_瑜 遺臾)",蹂대━留/ 留/ _）留,蹂대━/ / _）,,,遺__,遺_,"梨__ㅽ_, 쇱怨_린 ㅻ_ㅻ_  댁_由곕_.",,__ 吏__援 援곕_硫 __由 98
294,"吏___＜, 留__",利__二,"援_ , 援_ 吏珥",40%,400ml / 500ml,"2004 泥 援__蹂댁___ 湲곕_二

 2005 _고_ 諛 留_갔二

 2013 _援_由ъ___ λ_ (38%

 쇰_利__二 遺臾)

 2014 _援_由ъ___ λ_ (38%

 쇰_利__二 遺臾)",源⑤___/κ___/媛__留,,밸_,,遺__/泥_媛,遺_,"_ㅽ_댄_, 臾몄__  댁_由곕_.",,__ 吏__援 援곕_硫 __由 98
295,吏____몄_二(19%),利__二,"援_ , 援_ 吏珥",19%,375ml,"2013 _援_由ъ___ 理____ (19%

 쇰_利__二 遺臾)

 2014 _援_由ъ___ 곗_ (19%

 쇰_利__二 遺臾)

 2014 SWSC __

 2014 IWSC 

 2014 Monde-selection 湲__",,__/몄_,,,遺__,,"援ъ_, 쇨껸닿뎄댁  댁_由곕_.",,__遺__ 吏__援 吏__ 嫄곕_諛__濡3湲 15-35
296,吏____몄_二(38%),利__二,"援_ , 援_ 吏珥",38%,750ml,"2011 _援_由ъ___ 理____ (38%

 쇰_利__二 遺臾)

 2012 _援_由ъ___ λ_ (38%

 쇰_利__二 遺臾)

2014 SWSC __

 2014 IWSC 

 2014 Monde-selection 湲__",,__/몄_,,,遺__,,"援ъ_, 쇨껸닿뎄댁  댁_由곕_.",,__遺__ 吏__援 吏__ 嫄곕_諛__濡3湲 15-35
297,吏__,由ы_瑜 諛 湲고二쇰_,援_ / 諛/ _）/ 援ш린/ ㅻ/ 곗_/ ㅺ/ _땐__/ __,25%,330ml,__,쎌_留/ 대_,쎌_,____,,源__,,쇨_  蹂댁___怨  댁_由곕_.,,異⑸_ 怨듭＜ ш끝硫 留_끝щ_ 49
298,吏_린ㅼ뭏,利__二,__,40%,375ml,__,源____/ 媛_濡__留,ㅻえㅽ_,,,,곌_,援 _━  댁_由쎈_.,,寃쎈_ __ 怨_꼍硫 怨__由 494-3
299,李몃_ ____,_＜,/ 濡__留_━ __,6%,900ml,2011 _援_由ъ___  (__嫄몃━ 遺臾),,__,____,____,遺__/臾듭_,,援댁_ ④_ 癒뱀_硫 __  댁_由곕_.,,
300,泥__댁_湲 留_구由,_＜,,6%,750ml,2014 _援_由ъ___ λ_ (__嫄몃━ 遺臾),대갚__,,밸_,곕_,泥_媛/遺__/源__,곗_,"__由щУ, 怨⑤_대Т移④낵  댁_由곕_.",,
301,泥_ℓ,怨쇱_二, 留ㅼ_,30%, 600ml,__,,留ㅼ_/__ы_,_밸_,_곕_,,,湲곕_吏 以_뎅__,,__ _뎄 利__濡7湲 28-13
302,泥__ ㅼ_二 쎌＜,"쎌＜,泥＜",援_ / _）,16%,500ml,"2018 _援 곕━ __' 승룹껌二 遺臾  

  2016 泥 留_갔二 __",⑤_/__,怨〓Ъ/_뭅__,____,____,遺__/ 臾듭_,⑷_鍮,_ 援ъ_ __湲곗 ④_ 留__硫 醫__.,,寃쎄린 __ ㅼ_硫 __곌만 108
303,泥__ ㅼ_二 _＜,_＜,/ _）,14%,500ml,__,대_,諛__/ 怨〓Ъ,____,____,遺__/泥_媛,__蹂대━,__  留__ 媛__吏 _ 硫 _━  댁_由곕_. __ 媛_ __怨 留ㅼ_  댁_由곕_.,,寃쎄린 __ ㅼ_硫 __곌만 108
304,泥__ _＜,利__二,"援_ , _）",40%,375ml,__,媛__留/ 源____/留,怨〓Ъ/ ____,,,遺__,,ㅻ━ 二쇰Ъ낵  댁_由곕_.,,寃쎄린 __ ㅼ_硫 __곌만 108
305,泥__곕二,"쎌＜,泥＜",援_ ,13%,375ml,"2011 _援_由ъ___ 理____ (쎌＜/泥＜ 遺臾)

 2012 _援_由ъ___ λ_ (쎌＜/泥＜ 遺臾)

 2014 _援_由ъ___ 곗_ (쎌＜/泥＜ 遺臾)",대_,怨〓Ъ/ 몄_,밸_,____,遺__/ 泥_媛/ 源__,,쇱____  댁_由곕_.,,
306,泥_ 利__二,利__二,援_ 蹂듬_,40%,500ml,2012 _援_由ъ___ 理____ (쇰_利__二 遺臾),,蹂듬___,,,遺__,,쇨껸닿뎄댁  댁_由곕_.,,__⑤_ ⑦_援 __硫 __以__湲 146-54
307,泥_二,"쎌＜,泥＜",援_곗갯 95%/ _） 5%,17%,500ml,"____紐__ 11 __ __臾댄_臾명_ 異⑹껌⑤_ 30

 2010 _援_由ъ___ 곗_(쎌＜/泥＜ 遺臾)",媛__留,怨쇱_/李뱀,_밸_,_곕_,臾듭_,媛__,"곗_ __ 援, __, 誘쇱_, _ 깆_ 몃___ 吏몃_ 대갚 ____ 대갚 留__ 泥_二쇱 댁_由щ㈃ 留__ 洹몃_대_.",,異⑸_ 異⑹＜ 媛湲_㈃ 李쎈_由 243
308,泥_二 750,"쎌＜,泥＜",李뱀/_）/_㎘遺,17%,750ml,__,媛__留/ _숴__,怨쇱_,____,____,臾듭_,,"_由, 硫_린, ≪_  吏__ 援Ъ 誘쇰Ъ怨_린 留ㅼ___  댁_由곕_. __ 諛 蹂댁_  鍮__ 대갚 怨_린瑜__怨__ 留ㅼ묶 醫__.",,異⑸_ 異⑹＜ 媛湲_㈃ 李쎈_由 243
309,泥_二,"쎌＜,泥＜",援_ ,18%,375ml,2013 _援_由ъ___ 곗_ (쎌＜/泥＜ 遺臾),源____,__ 뱀___,,,,,"__蹂띠_, _鍮_뎄댁  댁_由곕_.",,
310,泥___援ш린二,"쎌＜,泥＜",/ _）/ 援ш린/ 媛__/ _땐猿__,16%,700ml,"____紐__ 11 __ __臾댄_臾명_ 異⑹껌⑤_ 30

 2010 _援_由ъ___ 곗_(쎌＜/泥＜ 遺臾)",媛__留/罹щ_硫__,援ш린__,____,곕_,臾듭_,댄_,"__ 怨_린瑜, __吏_Ъ  댁_由곕_.",,異⑹껌⑤_ 泥_援 닿끝硫 愿__由 819-1
311,泥_二,"쎌＜,泥＜",李뱀/ _）/ __,16%,375ml,__,대_,怨쇱_/ 怨〓Ъ/ 踰__,밸_,곕_,,⑷_鍮,__ __援ъ_  댁_由곕_.,,寃쎄린 媛_뎔 媛__ 遺__怨⑤_68踰_만 82
312,珥__ 轅,怨쇱_二,援_ щ_,12%, 375ml,__,ш낵留,λ,_밸_,,遺__/臾듭_,,寃ш낵瑜,,異⑸_ __援 __硫 __吏珥_만 75(ы_몃_)
313,異__ 濡__,怨쇱_二, ш낵,12%, 375ml,__,,怨쇱_,____,,,,_몃_,,異⑸_ __援 怨__硫 紐쎈_ 107-25
314,異__ 釉_（踰_━ ,怨쇱_二,__釉_（踰_━ 60%/ ㅽ_/ 援ъ_/ 臾댁___/ _Ⅴ鍮__移쇰ⅷ,11%, 375ml,__,,怨쇱_,____,____,遺__ 紐⑸_源,,釉_（踰_━ __/ш낵 __,,異⑸_ __援 怨__硫 紐쎈_ 107-25
315,異__ __,怨쇱_二, ш낵,12%, 375ml,__,,怨쇱_,____,____,遺__,,갚,,異⑸_ __援 怨__硫 紐쎈_ 107-25
316,異__40,利__二,ш낵,40%,500ml,__,ш낵留/ 源⑤___,諛__쇳_/ 珥__由욱_/ 쎌_,,,④굅,몃_,_뎬怨  댁_由곕_.,,異⑸_ __援 怨__硫 紐쎈_ 107-25
317,異____,怨쇱_二, 援_ ш낵(__),12%, 375ml,"2014 Monde-selection __

2014 SIWC __

2013 _援_由ъ___ 理____

2012 _援_由ъ___ 

2011 _援_由ъ___ λ_",,__ы_,_밸_,,,,湲곕_ _ 怨_린瑜,,
318,異__二,利__二,"援_ , 援_ __",25%,350ml,____紐__ 22 _,___/留ㅼ_留,쎌_/ъ숴__,____,____,遺__,,"媛__議곕┝, 二쎌__Т移⑥  댁_由곕_.",,__ 댁_援 ⑸㈃ 異__濡 29
319,荑⑥_7.5,怨쇱_二, 蹂듬__낵/ 二쇱_/ ⑤え/ 援ъ_/ __,7.50%, 300ml,__,,蹂듬___,밸_,,,,_몃_,,__ 怨_갹援 ъ_硫 ъ_濡 270-73
320,誘몄_,利__二,"援_ , 援_ __",40%,500ml,"____紐__ 22 _

 2013 _援_由ъ___  (쇰_利__二 遺臾)

 2014 SWSC 湲__2014 Monde-selection 湲__",____/__щ_,__ы_/_）,,,遺__,⑷_鍮,"↔_鍮, _낢李쎄뎄댁  댁_由곕_.",,__⑤_ 댁_援 ⑸㈃ 異__濡 29踰_ (異__由662-5)
321, __ _＜,利__二,"援_ 蹂대━, ",30%,500ml,2014 _援_由ъ___ 곗_ (利____二 遺臾),대_/媛__留/源____,蹂대━,밸_,,遺__,,"〓_, μ_援ъ_  댁_由곕_.",,__ __援 留_㈃ __濡 699
322,≪_ 怨_뎄留__,_＜,/ __/ _뎅/ 怨_뎄留 __/ 怨_뎄留 異__臾 ,6%,750ml,__,怨_뎄留__/怨____,怨_뎄留__,_밸_,,泥_媛/遺__,,"__, 源移__  __怨 _（  댁_由곕_.",,"寃쎄린 媛_뎔 _㈃ 蹂닿___ 26, 29"
323,≪_ 留_구由,_＜,,6%,750ml,"2010 __由ъ_ _留_구由 __ 1__

 2011 _援_由ъ___ 곗_ (닿_留_구由 遺臾)

 2011 ___ ____ 嫄대같二",媛__留,,____,____,泥_媛,__랬,___낵 밸_  怨___留 湲곕_吏 __ 댁_由곕_.,,"寃쎄린 媛_뎔 _㈃ 蹂닿___ 26, 29"
324,≪_ _갇__,_＜,/ __/ _뎅/ 諛 __/ 諛 異__臾 ,6%,750ml,__,諛ㅻ_,,_밸_,곕_,泥_媛/遺__,,밸_ _＜ __ __ 留__ 留__寃 癒뱀_  __ __.,,"寃쎄린 媛_뎔 _㈃ 蹂닿___ 26, 29"
325,≪_ μ___,_＜,/ __/ _뎅/ μ_ __/ μ_ 異__臾 ,6%,750ml,__,,,_밸_,,遺__,,__怨 _（  댁_由곕_.,,"寃쎄린 媛_뎔 _㈃ 蹂닿___ 26, 29"
326,곕_(TINA),由ы_瑜/湲고二쇰_,멸린(援_),16%,750ml,2019 곕━____ 湲고二쇰_ 遺臾 곗_,二쎈_留/멸린留,____/멸린,____,,,,__ 吏__ __!,, __ 댁_
327,몃갚 곗_留_구由,_＜,/ ш낵__/_）/щ━怨__/____,5%,750ml,__,,諛____/硫__,_밸_,곕_,遺__,,"__쇳_대_ 蹂댁_, 遺移⑥_ __  댁_由곕_.",,__⑤_ μ_援 μ_ ⑥_珥_만 19
328,몃갚 곗_留_구由 멸린 ㅽ_대_,_＜,李뱀/ 硫μ/ _）/ 멸린/ щ━怨__,7%,940ml,__,멸린留/깃렇ъ_留,멸린,_밸_,_곕_,媛踰쇱/源__,,"__쇳_대_ 蹂댁_, 遺移⑥_ __  댁_由곕_.",,__⑤_ μ_援 μ_ ⑥_珥_만 19
329,몃갚 곗_留_구由 __,_＜,李뱀/ 硫μ/_）,6%,750ml,__,,怨쇱_,____,곕_,遺__,,"__쇳_대_ 蹂댁_, 遺移⑥_ __  댁_由곕_.",,__⑤_ μ_援 μ_ ⑥_珥_만 19
330,몃갚 곗_留_구由 __ 8%,_＜,李뱀/ 硫μ_/ _）,8%,750ml,__,____,怨쇱_,____,곕_,臾듭_,,"__쇳_대_ 蹂댁_, 遺移⑥_ __  댁_由곕_.",,__⑤_ μ_援 μ_ ⑥_珥_만 19
331,몃갚 곗_留_구由 ㅽ_대_,_＜,李뱀/ 硫μ/_）,7%,940ml,__,怨____,怨쇱_,_밸_,,泥_媛,,"__쇳_대_ 蹂댁_, 遺移⑥_ __  댁_由곕_.",,__⑤_ μ_援 μ_ ⑥_珥_만 19
332,ы_遺__二,利__二,援_ ,"35%, 45%",35% ? 750ml / 45% ? 800ml,2010 _援_由ъ___ 곗_ (利____二 遺臾),,,,,遺__,щ_/__랬,__湲 ≫_  댁_由곕_.,,寃쎌_遺__ ы_ 遺_뎄 泥_硫 __由 720-2
333,__ш_ 異,"쎌＜,泥＜",援_ 李뱀/ μ_怨,15%,500ml,"2017 _援 곕━____ 쎌＜쨌泥＜ 遺臾 

 2016 곕━____ 쎌＜쨌泥＜ 遺臾 理____",源____,源____,밸_,____,源__,,__ 吏__ __!,,寃쎈_ 泥_援 __ __濡 51-2
334,_━誘몄_ __ __ㅼ감,怨쇱_二, 援_ ш낵,11%, 750ml,__,,ш낵,_밸_,,,,移__瑜,,寃쎈_ __援 ⑥_硫 쇱__끝濡 755
335,,利__二,怨_뎄留__瑜__(ъ＜ 100%),25%,375ml,__,____,____/ 怨_뎄留__,,,遺__,,__ 吏__ __!,,"寃쎄린 ъ＜ _㈃ 1濡 120, __"
336,_곌_ 諛깅_留_구由,_＜,,7%,375ml,"2012 _援_由ъ___  (닿_留_구由 遺臾)

 2013 IWSC __

 2013 NYWSC __",源____,,____,곕_,遺__,,ㅽ_댄_  댁_由곕_.,,異⑸_ 뱀_ __硫 __濡 813
337,_곌_ 諛깅_留_ ,"쎌＜,泥＜",援_ / 諛깅_,12%,375ml / 750ml,2013 _援_由ъ___ λ_ (쎌＜/泥＜ 遺臾),怨____,__,밸_,곕_,臾듭_,,__ㅻ━쇱_蹂띠_  댁_由곕_.,,
338,_곌_ 諛깅___嫄몃━,_＜, 諛깅/  諛깅_,7%,375ml/750ml,__,源_留/源____,,____,____,源__,,ㅽ_댄_  댁_由곕_.,,異⑸_ 뱀_ __硫 __濡 813
339,__二,"쎌＜,泥＜",李뱀,17%,750ml,__臾댄_臾명_ 援ш__ 11,,곌_,,,遺__,,遺__ _Ъ_＜  댁_由곕_,,
340,__ _땐__,由ы_瑜 諛 湲고二쇰_,援_ / _）/ 媛__媛 肉_━/ _땐__/ __,35%,"375ml, 705ml",__,,곕___/ ___Т,____,,遺__,_ 몃_,쇨__낵  댁_由곕_.,,異⑸_ __ 遊__ 遺_濡 5湲 16-10
341,__ 臾대_μ_,由ы_瑜 諛 湲고二쇰_,援_곗/ __/ 몄_/ ㅺ/ ㅻ/ 援ш린/  蹂듬_/ 李⑥_/ __/ 곗_,35%,"375ml, 750ml",__,대_,쎌_,,,遺__,吏_ 몃_,異___낵  댁_由곕_.,,異⑸_ __ 遊__ 遺_濡 5湲 16-10
342,__ _＜,利__二,"援_ , _）, __",40%,"375ml, 750ml",__,곕___/怨____/ 源____,,,곕_,遺__,__랬,諛깆_怨  댁_由곕_.,,異⑸_ __ 遊__ 遺_濡 5湲 16-10
343,__ ㅺ쇱_,利__二,"援_ , _）, 媛__媛 肉_━, __",35%,"375ml, 750ml",__,대_,곕___,,,遺__,몃_/__吏__,__  湲곕_吏 以_뎅__怨  댁_由곕_.,,異⑸_ 怨듭＜ 怨_！硫 ъ_2湲9
344,__ __,由ы_瑜 諛 湲고二쇰_,/ __,35%,750ml,__,쎌_留/ 洹몄___,__,,,,媛蹂__ 利_린湲곗_,"蹂댁_, 踰____낏怨  댁_由곕_.",,異⑸_ __ 遊__ 遺_濡 5湲 16-10
345,__ㅺ쇱_怨⑤_,由ы_瑜 諛 湲고二쇰_,援_ / 援_ ㅺ,35%,500ml,2013 _援_由ъ___ λ_ (由ы_瑜 遺臾),__留,,,,遺__,,"李몄_, __梨__臾댁묠怨  댁_由곕_.",,異⑹껌遺__ __ 遊__ 遺_濡5湲 16-10
346,___끝二(쎌＜),"쎌＜,泥＜",李뱀/ 援_ 硫μ,18%,700ml / 1800ml,"____紐__ 19 고_댁__Т_Ц__ 異⑹껌⑤_ 3

 2001 _┝遺 _뎅____ BEST 5__ __二  __

 2007 __ 媛怨듭___ _났 듬__갹",媛__留,ъ숴__,,,遺__,,誘몃_由ъ_怨  댁_由곕_.,,
347,___끝二(利__二),由ы_瑜 諛 湲고二쇰_,援_ ,43%,700ml,2014 댁_ 二쇰___ 紐쎈___ Spirit&Liqueurs 遺臾 湲__,____/ 媛__留,洹몄_由고_/ 媛_濡__,,,,_레__吏 __/ 留__ щ_,_낏怨  댁_由곕_.,,異⑸_ __援 __硫 異⑹_濡 1118
348,__ㅼ감 ш낵,怨쇱_二, ш낵,11%, 750ml,__,,ш낵,____,____,,,移__瑜/怨쇱_瑜,,寃쎈_ __援 ⑥_硫 쇱__끝濡 755
349,_＜,利__二,"援_ ,諛_）, __","35%, 45%",700ml,"2015 _援 곕━ __ 理____  (利____二 遺臾)

 2014 _援_由ъ___ λ_ (利____二 遺臾)

 2010 _援_由ъ___ λ_ (利____二 遺臾)

 2013 _援_由ъ___ 곗_ (利____二 遺臾)",媛__留/ 源_留,,,,遺__,留_,댁_ 援ъ_  댁_由곕_.,,寃쎄린 __ __硫 __由 270-9
350,대_吏__二,"쎌＜,泥＜",援_ 李뱀 (대_),16%,375ml,__臾댄_臾명_ __⑤_ 25,,踰__,____,곕_,遺__,몃,援ъ__낵  댁_由곕_.,,
351,댁갹 __嫄몃━,_＜,_/ 李뱀/ 臾/ _）,"6%,9%,12%",900ml,__,대갚__/____,,밸_,곕_,泥_媛,,댁_臾  대갚 __,,__ 대_援 __硫 댁갹湲 1
352,__臾,由ы_瑜/湲고二쇰_,踰_(援_),8%,375,2018 곕━____ 湲고二쇰_ 遺臾 理____,源____,踰_,____,곕_,遺__,⑷_鍮,"__, __, __, _(移__, 怨쇱_, 耳__)",,寃쎄린__
353,__鍮,由ы_瑜/湲고二쇰_,踰_(援_),8%,500,2018 곕━____ 湲고二쇰_ 遺臾 ,곕___/源____,ъ숴__/踰_,밸_,,遺__,몃,"__, __, __, _(移__, 怨쇱_, 耳__)",,寃쎄린__
354,__,由ы_瑜 諛 湲고二쇰_,援_ 踰_,8%,500ml,"2012 _援_由ъ___  (湲고二쇰_ 遺臾)

 2013 _援_由ъ___  (湲고二쇰_ 遺臾)

 2013 NYWSC __

 2014 _援_由ъ___ 理____ (湲고二쇰_ 遺臾)

 2014 Monde-selection ",,轅/ ъ숴__/苑__/ 怨쇱_,____,,遺__/ 源__,고__が,"대Ъ__, 踰__而 踰__留__  댁_由곕_.",,
355,몃_,由ы_瑜 諛 湲고二쇰_,곗_곗_/ __/ 二쇱_,20%,300ml,__,대_,곗_곗_,,,,고_誘몄_/ 명_寃 留__ __ ,갚_낵  댁_由곕_.,,寃쎄린 愿_＜ 댁_硫 泥____ 684
356,몃_ 곗_곗_ 留_구由,_＜,(寃쎄린誘)/ _뎅/ 곗_곗_/ __/ ____,6%,750ml,__,吏__留/源____,곗_곗_,,____,遺__,곗_/__랬,源移__怨  댁_由곕_.,,
357,몃_대같瑗,_＜,__/ _）/ __/ _갚,7%,"350mL, 750mL",__,,援ъ___/怨쇱_,_밸_,곕_,媛踰쇱/泥_媛,,몃_諛__,,寃쎄린 __ ъ_ 異⑹_湲 37
358,몃え猷⑤_,_＜,__猷:,12%,500ml,__,源_留,泥_怨쇳_,밸_,곕_,臾듭_,,쇱 紐⑹_ _ 援ъ_  댁_由곕_.,,媛__ __援 __硫 쇱_濡 211-57
359,쇰_二,怨쇱_二,_＜곌_洹/ 諛깆_/ 援ъ_/ 臾댁___,12%, 330ml,__,媛__留,洹ㅽ_,_밸_,_곕_,,,__/援ъ_/댁_臾쇰_/__/蹂댁_,,_＜밸___ _ъ_ ⑥_ _泥__ 46
360,__媛 _＜,_＜,__/ __/ 援(諛 _）),11%,500ml,__,대갚__,諛__쇳_,밸_,____,源__,,__ 吏__ __!,,媛__ __援 댁_硫 臾쇨구由 508-2
361,__,利__二,援_ ,"41%, 25%, 17%",375ml / 500ml / 750ml,"2007 IWSC 곗_ (41%

 25%)

 2008 Monde-selection 湲__ (41%

 25%)

 2010 _援_由ъ___  (41%

 利____二 遺臾)

 2010 G20____ _렇__ 移듯_ 踰__ __ (41%)

 2012 _援_由ъ___ 곗_(41%

 利____二 遺臾)",留/源⑤___,怨≪＜,,,遺__,,"쇱癒몃━몄_,__,_곗_怨  댁_由곕_.",,寃쎄린 ъ＜ 媛⑥_ 寃쎌땐濡 848
362,_＜,利__二,"援_ , ____, __",25%,375ml,__,____/대_,__/ ____,밸_,,遺__/ 源__,_몃_,쇨__낵  댁_由곕_.,,異⑸_ 쇱_ 곕Т 留__濡 361
363,⑹_댁＜,"쎌＜,泥＜",援_ ㅻ/ 援_ 곗_,13%,375ml,"2012 _援_由ъ___ 理____ (쎌＜/泥＜ 遺臾)

 2013 _援_由ъ___  (쎌＜/泥＜ 遺臾)

 2014 Monde-selection 湲__

 2014 _援_由ъ___ 理____ (쎌＜/泥＜ 遺臾)",ㅻ__/ 곗___/ 怨〓Ъ留,____,밸_,곕_,泥_媛,遺_鍮,"__, ___낵  댁_由곕_.",,