location,name,Alc,latitude,longitude,image,links
강원도,1000억 유산균 막걸리,5%,37.4893229,128.1957934,https://thesool.com/wp-content/uploads/2019/07/20190703_1000억.jpg,http://www.ksdb.co.kr
강원도,2017년 햅쌀로 빚은 첫술,7%,37.4896791,128.1967363,https://thesool.com/wp-content/uploads/2018/01/크기변환_햅쌀-첫술-4.gif,http://www.ksdb.co.kr
강원도,국순당 생막걸리 대박,6%,37.4893229,128.1957934,https://thesool.com/wp-content/uploads/2019/07/20190703_국순당_생막걸리.jpg,http://www.ksdb.co.kr
강원도,국순당 이화주,13%,37.4893229,128.1957934,https://thesool.com/wp-content/uploads/2019/07/20190703_이화주.jpg,http://www.ksdb.co.kr
강원도,도문대작 생막걸리,10%,37.8264546,128.8485884,https://thesool.com/wp-content/uploads/2019/03/도문대작.jpg,http://www.bangpungdoga.com/
강원도,동몽,17%,37.7907986,128.1685582,https://thesool.com/wp-content/uploads/2018/11/예술주조_동몽.jpg,http://www.ye-sul.co.kr
강원도,동정춘,8%,37.7939239,127.9735972,https://thesool.com/wp-content/uploads/2019/04/산수양조장_동정춘.jpg,sansoo.modoo.at
강원도,려,25%,37.4893229,128.1957934,https://thesool.com/wp-content/uploads/2020/01/국순당_려.jpg,http://www.ksdb.co.kr
강원도,만강에 비친 달,10%,37.7907986,128.1685582,https://thesool.com/wp-content/uploads/2018/11/예술주조_만강에비친달.jpg,http://www.ye-sul.co.kr
강원도,모월 연,13%,37.2899152,127.9721221,https://thesool.com/wp-content/uploads/2020/02/모월-연.png,http://www.mowall.co.kr/main/index.php
강원도,모월 인,41%,37.2899152,127.9721221,https://thesool.com/wp-content/uploads/2020/02/모월인.png,http://www.mowall.co.kr/main/index.php
강원도,배꽃 필 무렵,14%,37.7907986,128.1685582,https://thesool.com/wp-content/uploads/2018/11/예술_배꽃이필무렵.jpg,http://www.ye-sul.co.kr
강원도,백세주,13%,37.4893229,128.1957934,https://thesool.com/wp-content/uploads/2019/09/백세주.jpg,http://www.ksdb.co.kr
강원도,백자주,10%,37.7939239,127.9735972,https://thesool.com/wp-content/uploads/2019/04/산수_백자주.jpg,sansoo.modoo.at
강원도,사시통음주,18%,37.4893229,128.1957934,https://thesool.com/wp-content/uploads/2019/07/20190703_사시통음주.jpg,http://www.ksdb.co.kr
강원도,술헤는밤,8%,37.814253,128.0569748,https://thesool.com/wp-content/uploads/2020/02/술헤는밤.png,https://smartstore.naver.com/durusul
강원도,예술주조 ‘무작’,53%,37.7907986,128.1685582,https://thesool.com/wp-content/uploads/2020/01/예술_무작.jpg,http://www.ye-sul.co.kr
강원도,옛날막걸리 古,8%,37.4893229,128.1957934,https://thesool.com/wp-content/uploads/2019/07/20190703_옛날막걸리.jpg,http://www.ksdb.co.kr
강원도,호모루덴스,12%,37.7939239,127.9735972,https://thesool.com/wp-content/uploads/2019/04/산수양조장_호모루덴스.jpg,sansoo.modoo.at
강원도,홍천강 탁주,11%,37.7907986,128.1685582,https://thesool.com/wp-content/uploads/2018/11/예술주조_홍천강탁주.jpg,http://www.ye-sul.co.kr
경기도,1932 새싹땅콩+햅쌀/흑미,6%,37.9449407,127.3331985,https://thesool.com/wp-content/uploads/2018/10/1932흑미막걸리_대표사진.png,1932makgeolli.modoo.at
경기도,가평 잣 생 막걸리,6%,37.8198465,127.3553975,https://thesool.com/wp-content/uploads/2019/11/우리술_가평잣생막걸리.jpg,http://www.woorisool.kr
경기도,감사,14%,37.2330557,127.2982269,https://thesool.com/wp-content/uploads/2018/10/00_감사.jpg,http://www.sulseam.com
경기도,감사블루,14%,37.2330557,127.2982269,https://thesool.com/wp-content/uploads/2019/01/술샘_감사블루.jpg,http://www.sulseam.com
경기도,감악산 산머루주,12%,37.9601086,126.9579796,https://thesool.com/wp-content/uploads/2019/01/산머루주.jpg,http://www.sanmeoru.com
경기도,감홍로,40%,37.8160394,126.8336497,https://thesool.com/wp-content/uploads/2017/12/크기변환감홍로2.jpg,gamhongro.modoo.at
경기도,감홍로 백자,40%,37.8160394,126.8336497,https://thesool.com/wp-content/uploads/2020/01/간홍로.jpg,gamhongro.modoo.at
경기도,경성과하주,20%,37.3834032,127.6004928,https://thesool.com/wp-content/uploads/2020/02/경성과하주.png,soolawon.co.kr
경기도,그랑꼬또 M56,12%,37.2573794,126.5822886,https://thesool.com/wp-content/uploads/2018/10/m56.jpg,http://www.grandcoteau.co.kr
경기도,그랑꼬또 레드와인,12%,37.2573794,126.5822886,https://thesool.com/wp-content/uploads/2017/12/8.jpg,http://www.grandcoteau.co.kr
경기도,그랑꼬또 로제와인,12%,37.2573794,126.5822886,https://thesool.com/wp-content/uploads/2018/10/그랑꼬또_로제.jpg,http://www.grandcoteau.co.kr
경기도,그랑꼬또 청수,12%,37.2573794,126.5822886,https://thesool.com/wp-content/uploads/2018/10/청수.jpg,http://www.grandcoteau.co.kr
경기도,김포 막걸리,6%,37.7115889,126.5469647,https://thesool.com/wp-content/uploads/2019/03/김포막걸리.jpg,www. kimpo.co.kr
경기도,김포별주,13%,37.7115889,126.5469647,https://thesool.com/wp-content/uploads/2019/03/김포별주.jpg,www. kimpo.co.kr
경기도,김포약주(김포양조),11%,37.7115889,126.5469647,https://thesool.com/wp-content/uploads/2017/11/김포약주2.jpg,
경기도,김포예주 프리미엄,13%,37.7115889,126.5469647,https://thesool.com/wp-content/uploads/2019/03/김포예주.jpg,www. kimpo.co.kr
경기도,김포특주,15%,37.7282516,126.6298779,https://thesool.com/wp-content/uploads/2019/04/김포특주.jpg,www.gimporicewine.com
경기도,남한산성소주,40%,37.3676502,127.3950558,https://thesool.com/wp-content/uploads/2017/12/100.jpg,
경기도,느린마을 증류주,17%,37.9058024,127.3088802,https://thesool.com/wp-content/uploads/2020/01/배상면주가_느린마을_증류주-1.jpg,http://www.sansawon.co.kr
경기도,담은,6%,37.9449407,127.3331985,https://thesool.com/wp-content/uploads/2018/10/포천_담은.jpg,1932makgeolli.modoo.at
경기도,대포막걸리,7%,37.9058024,127.3088802,https://thesool.com/wp-content/uploads/2017/11/7-1.jpg,http://www.sansawon.co.kr
경기도,로아40 레드,40%,37.1495498,126.9609396,https://thesool.com/wp-content/uploads/2020/02/그림7.png,http://www.baedoga.co.kr/
경기도,로아40 옐로우,40%,37.1495498,126.9609396,https://thesool.com/wp-content/uploads/2020/02/그림7.png,http://www.baedoga.co.kr/
경기도,매실탁테일,7%,37.1495498,126.9609396,https://thesool.com/wp-content/uploads/2017/11/143.jpg,http://www.baedoga.co.kr/
경기도,매화마름 호랑이 막걸리,7%,37.1495498,126.9609396,https://thesool.com/wp-content/uploads/2019/01/배혜정도가_매화호랑이.jpg,http://www.baedoga.co.kr/
경기도,머루드서,12%,37.9601086,126.9579796,https://thesool.com/wp-content/uploads/2017/11/드서.jpg,http://www.sanmeoru.com
경기도,메로니아,4%,37.1495498,126.9609396,https://thesool.com/wp-content/uploads/2020/02/메로니아.png,http://www.baedoga.co.kr/
경기도,문배술,40%,37.7004056,126.5944956,https://thesool.com/wp-content/uploads/2017/12/101.jpg,www.moonbaesool.co.kr
경기도,문배술 헤리티지 25도,25%,37.7004056,126.5944956,https://thesool.com/wp-content/uploads/2020/01/55_문배술.jpg,www.moonbaesool.co.kr
경기도,문배술 헤리티지 40도,40%,37.7004056,126.5944956,https://thesool.com/wp-content/uploads/2020/01/56_문배술40.jpg,www.moonbaesool.co.kr
경기도,미르,"25%, 40%, 54%",37.2330557,127.2982269,https://thesool.com/wp-content/uploads/2020/01/술샘_미르.jpg,http://www.sulseam.com
경기도,미인약주,15%,37.8499707,126.8654851,https://thesool.com/wp-content/uploads/2019/03/미인약주.jpg,파주전통주.kr
경기도,미인탁주,10%,37.8499707,126.8654851,https://thesool.com/wp-content/uploads/2019/03/미인탁주.jpg,파주전통주.kr
경기도,별산,7%,37.8077114,126.9148022,https://thesool.com/wp-content/uploads/2020/02/별산-1.png,https://smartstore.naver.com/yangjudoga
경기도,복단지,14%,37.3834032,127.6004928,https://thesool.com/wp-content/uploads/2020/02/그림5.png,soolawon.co.kr
경기도,복분자아락40,40%,37.9058024,127.3088802,https://thesool.com/wp-content/uploads/2020/02/복분자아락-1.png,http://www.sansawon.co.kr
경기도,복분자음,12%,37.9058024,127.3088802,https://thesool.com/wp-content/uploads/2019/01/배상면주가_복분자음.jpg,http://www.sansawon.co.kr
경기도,붉은 원숭이,11%,37.2330557,127.2982269,https://thesool.com/wp-content/uploads/2019/01/술샘_붉은원숭이.jpg,http://www.sulseam.com
경기도,빙탄복,7%,37.9058024,127.3088802,https://thesool.com/wp-content/uploads/2019/01/배상면주가_빙탄복.jpg,http://www.sansawon.co.kr
경기도,샤토미소 랑,12%,37.0006948,126.9894194,https://thesool.com/wp-content/uploads/2019/09/샤토미소랑.jpg,https://jsul.modoo.at/
경기도,선호 생막걸리,6%,37.7282516,126.6298779,https://thesool.com/wp-content/uploads/2019/04/김포_선호생막걸리.jpg,gpgstz.modoo.at
경기도,소호,"36.5%, 56%",36.9710218,126.8737701,https://thesool.com/wp-content/uploads/2020/01/00_소호.jpg,http://www.tigercalyx.com/
경기도,술그리다 생탁주,10%,37.0006948,126.9894194,https://thesool.com/wp-content/uploads/2019/07/20190703_술그리다생탁주.jpg,https://jsul.modoo.at/
경기도,술샘16,16%,37.2330557,127.2982269,https://thesool.com/wp-content/uploads/2020/02/술샘16.png,http://www.sulseam.com
경기도,술샘19,19%,37.2330557,127.2982269,https://thesool.com/wp-content/uploads/2020/02/술샘19-1.png,http://www.sulseam.com
경기도,술아 국화주,15%,37.3834032,127.6004928,https://thesool.com/wp-content/uploads/2019/04/술아_국화주.jpg,soolawon.co.kr
경기도,술아 막걸리,8%,37.3834032,127.6004928,https://thesool.com/wp-content/uploads/2019/04/술아원_술아막걸리.jpg,soolawon.co.kr
경기도,술아 매화주,15%,37.3834032,127.6004928,https://thesool.com/wp-content/uploads/2019/04/술아원_매화주.jpg,soolawon.co.kr
경기도,술아 순곡주,20%,37.3834032,127.6004928,https://thesool.com/wp-content/uploads/2019/04/술아_순곡주.jpg,soolawon.co.kr
경기도,술아 연화주,15%,37.3834032,127.6004928,https://thesool.com/wp-content/uploads/2019/04/술아_연화주.jpg,soolawon.co.kr
경기도,술예쁘다 생탁주,13%,37.0006948,126.9894194,https://thesool.com/wp-content/uploads/2019/03/술예쁘다-생탁주.jpg,https://jsul.modoo.at/
경기도,술취한 원숭이,11%,37.2330557,127.2982269,https://thesool.com/wp-content/uploads/2018/10/00_술취한원숭이.jpg,http://www.sulseam.com
경기도,심술 알쓰,3.80%,37.9058024,127.3088802,https://thesool.com/wp-content/uploads/2020/02/심술알쓰.png,http://www.sansawon.co.kr
경기도,심술6 막걸리,6%,37.9058024,127.3088802,https://thesool.com/wp-content/uploads/2020/02/그림2-1.png,http://www.sansawon.co.kr
경기도,아황주,17%,37.8499707,126.8654851,https://thesool.com/wp-content/uploads/2019/03/아황주.jpg,파주전통주.kr
경기도,안성마춤 생막걸리,6%,36.9359564,127.2610897,https://thesool.com/wp-content/uploads/2019/04/안성마춤생막걸리.jpg,http://hanjuy.kr.ecplaza.net
경기도,오디아락40,40%,37.9058024,127.3088802,https://thesool.com/wp-content/uploads/2020/02/아락.png,http://www.sansawon.co.kr
경기도,오매락,40%,37.9058024,127.3088802,https://thesool.com/wp-content/uploads/2020/01/배상면주가_오매락-1.jpg,http://www.sansawon.co.kr
경기도,오매락퍽,40%,37.9058024,127.3088802,https://thesool.com/wp-content/uploads/2017/11/129.jpg,http://www.sansawon.co.kr
경기도,왕율주,25%,36.9359564,127.2610897,https://thesool.com/wp-content/uploads/2020/01/왕율주-1.jpg,www.bamsul.com
경기도,우곡주,13%,37.1495498,126.9609396,https://thesool.com/wp-content/uploads/2019/01/배혜정도가_우곡주.jpg,http://www.baedoga.co.kr/
경기도,유자생막걸리,5%,37.1495498,126.9609396,https://thesool.com/wp-content/uploads/2017/11/4-3.jpg,http://www.baedoga.co.kr/
경기도,이담,55%,37.1495498,126.9609396,https://thesool.com/wp-content/uploads/2017/11/144.jpg,http://www.baedoga.co.kr/
경기도,이화주,8%,37.2330557,127.2982269,https://thesool.com/wp-content/uploads/2018/10/00_이화주.jpg,http://www.sulseam.com
경기도,주시락 복분자 막걸리,6%,37.8198465,127.3553975,https://thesool.com/wp-content/uploads/2017/11/8888.jpg,http://www.woorisool.kr
경기도,천비향 오양주 약주,16%,37.0006948,126.9894194,https://thesool.com/wp-content/uploads/2019/08/천비향-캡처.jpg,https://jsul.modoo.at/
경기도,천비향 오양주 탁주,14%,37.0006948,126.9894194,https://thesool.com/wp-content/uploads/2019/07/20190703_천비향탁주.jpg,https://jsul.modoo.at/
경기도,천비향 화주,40%,37.0006948,126.9894194,https://thesool.com/wp-content/uploads/2020/01/ccc.jpg,https://jsul.modoo.at/
경기도,청진주,16%,37.7631328,127.4993665,https://thesool.com/wp-content/uploads/2019/03/청진주.jpg,http://전통주연구개발원.kr/
경기도,톡쏘는 고구마동동,6%,37.8198465,127.3553975,https://thesool.com/wp-content/uploads/2019/11/우리술_고구마동동.jpg,http://www.woorisool.kr
경기도,톡쏘는 막걸리,6%,37.8198465,127.3553975,https://thesool.com/wp-content/uploads/2017/11/999.jpg,http://www.woorisool.kr
경기도,톡쏘는 알밤동동,6%,37.8198465,127.3553975,https://thesool.com/wp-content/uploads/2019/11/우리술_알밤동동.jpg,http://www.woorisool.kr
경기도,톡쏘는 옥수수동동,6%,37.8198465,127.3553975,https://thesool.com/wp-content/uploads/2019/11/우리술_옥수수동동.jpg,http://www.woorisool.kr
경기도,필,25%,37.3834032,127.6004928,https://thesool.com/wp-content/uploads/2020/02/그림6.png,soolawon.co.kr
경기도,한주,"35%, 45%",36.935881,127.2615574,https://thesool.com/wp-content/uploads/2020/01/한주양조_한주.jpg,http://hanjuy.kr.ecplaza.net
경기도,허니문,8%,37.4912195,127.4875607,https://thesool.com/wp-content/uploads/2020/05/기타_허니문.jpg,
경기도,허니비,8%,37.4912195,127.4875607,https://thesool.com/wp-content/uploads/2020/05/기타_허니비.jpg,
경기도,호담 300ml,20%,37.4564266,127.3243249,https://thesool.com/wp-content/uploads/2019/09/대농바이오_호담300.jpg,http://www.woorisansam.com
경기도,호랑이배꼽,7%,36.9710218,126.8737701,https://thesool.com/wp-content/uploads/2018/10/00_호랑이배꼽.jpg,http://www.tigercalyx.com/
경기도,"화요 41%, 25%, 17%","41%, 25%, 17%",37.1721421,127.5715898,https://thesool.com/wp-content/uploads/2017/12/104.jpg,www.hwayo.com
경상남도,녹파주,15%,35.5664071,127.7754803,https://thesool.com/wp-content/uploads/2019/04/솔송주_녹파주.jpg,http://www.mgwkorea.com
경상남도,담솔,40%,35.5664071,127.7754803,https://thesool.com/wp-content/uploads/2017/11/139.jpg,http://www.mgwkorea.com
경상남도,산내울 오미자주,16%,35.6788409,127.9113489,https://thesool.com/wp-content/uploads/2017/11/001_산내울오미자주.jpg,
경상남도,솔송주,13%,35.5664071,127.7754803,https://thesool.com/wp-content/uploads/2017/11/123.jpg,http://www.mgwkorea.com
경상남도,이화백주,6%,35.4102759,129.0536,https://thesool.com/wp-content/uploads/2019/03/이화백주.jpg,www.ehwaju.com
경상북도,감그린 레귤러,12%,35.6357694,128.6034863,https://thesool.com/wp-content/uploads/2019/02/청도감와인_감와인레귤러.jpg,www.gamwine.com
경상북도,감그린 스페셜,12%,35.6357694,128.6034863,https://thesool.com/wp-content/uploads/2019/02/청도감와인_감와인스페셜.jpg,www.gamwine.com
경상북도,감그린 아이스와인,10%,35.6357694,128.6034863,https://thesool.com/wp-content/uploads/2019/02/청도감와인_감와인아이스.jpg,www.gamwine.com
경상북도,고도리 복숭아와인,6.50%,35.9833282,128.9987632,https://thesool.com/wp-content/uploads/2018/12/고도리_복숭아와인-2.jpg,http://고도리와인.com
경상북도,고도리 청수 와인,10.50%,35.9833282,128.9987632,https://thesool.com/wp-content/uploads/2018/12/고도리와인_청수.jpg,http://고도리와인.com
경상북도,고도리 화이트와인 드라이,10.50%,35.9833282,128.9987632,https://thesool.com/wp-content/uploads/2018/12/고도리와이트와인_드라이.jpg,http://고도리와인.com
경상북도,고도리 화이트와인 스위트,10.50%,35.9833282,128.9987632,https://thesool.com/wp-content/uploads/2019/02/고도리_화이트스위트.jpg,http://고도리와인.com
경상북도,고운달 백자,52%,36.756555,128.0871107,https://thesool.com/wp-content/uploads/2020/01/오미나라_고운달백자.jpg,http://www.omynara.com/
경상북도,고운달 오크,52%,36.756555,128.0871107,https://thesool.com/wp-content/uploads/2020/01/오미나라_고운달오크.jpg,http://www.omynara.com/
경상북도,과하주23,23%,36.127173,128.0195344,https://thesool.com/wp-content/uploads/2018/10/과하주.jpg,gwahaju.modoo.at
경상북도,레드 와인 500,12%,35.9833282,128.9987632,https://thesool.com/wp-content/uploads/2019/01/고도리_레드와인_500.jpg,http://고도리와인.com
경상북도,로얄 안동소주,45%,36.5029267,128.6593139,https://thesool.com/wp-content/uploads/2017/12/122.jpg,http://www.sojumall.com/
경상북도,로제 와인 750,12%,35.9833282,128.9987632,https://thesool.com/wp-content/uploads/2019/01/고도리_로제와인_750.jpg,http://고도리와인.com
경상북도,명인 안동소주 22%,22%,36.603923,128.5411425,https://thesool.com/wp-content/uploads/2020/01/53_명인안동소주22.jpg,www.andongsojumall.co.kr
경상북도,"명인안동소주 35%, 45%","35%, 45%",36.603923,128.5411425,https://thesool.com/wp-content/uploads/2017/12/123.jpg,http://www.adsoju.com
경상북도,문희 탁주,13%,36.772167,128.3140443,https://thesool.com/wp-content/uploads/2017/12/880000082.jpg,https://mgomijasul.modoo.at/
경상북도,미소 생막걸리,7%,36.9629258,129.3954316,https://thesool.com/wp-content/uploads/2018/12/울진술도가_미소생막걸리.jpg,http://www.uljinsuldoga.com/index.php
경상북도,뱅꼬레 레드와인,12%,35.9070103,128.8827281,https://thesool.com/wp-content/uploads/2018/12/뱅꼬레_레드와인.jpg,http://www.vincoree.com
경상북도,뱅꼬레 로제와인,11.50%,35.9070103,128.8827281,https://thesool.com/wp-content/uploads/2018/12/뱅꼬레_로제와인-1.jpg,http://www.vincoree.com
경상북도,뱅꼬레 아이스와인,12%,35.9070103,128.8827281,https://thesool.com/wp-content/uploads/2018/12/뱅꼬레_아이스와인.jpg,http://www.vincoree.com
경상북도,산머루 크라테 스위트,11.50%,35.87577,128.0460138,https://thesool.com/wp-content/uploads/2020/05/산머루-크라테-스위트.jpg,
경상북도,세우리,45%,36.756555,128.0871107,https://thesool.com/wp-content/uploads/2020/01/제주샘주_세우리-1.jpg,http://www.jejusaemju.co.kr
경상북도,소백산 스위트와인,12%,36.9916624,128.575885,https://thesool.com/wp-content/uploads/2020/02/소백산와인.png,
경상북도,스타베리오디,12%,35.9070103,128.8827281,https://thesool.com/wp-content/uploads/2019/02/한국와인_스타베리오디.jpg,http://www.vincoree.com
경상북도,스파클링와인,7.20%,35.9833282,128.9987632,https://thesool.com/wp-content/uploads/2019/01/고도리_스파클링.jpg,http://고도리와인.com
경상북도,스파클링와인 오미로제 결,12%,36.756555,128.0871107,https://thesool.com/wp-content/uploads/2019/09/오미나라_결.jpg,http://www.omynara.com/
경상북도,아이스 375,12%,35.9833282,128.9987632,https://thesool.com/wp-content/uploads/2019/01/고도리_아이스_375.jpg,http://고도리와인.com
경상북도,안동소주,45%,36.5496354,128.7088615,https://thesool.com/wp-content/uploads/2017/12/124-1.jpg,www.andongsoju.com
경상북도,오미로제 스파클링 와인,12%,36.772167,128.3140443,https://thesool.com/wp-content/uploads/2017/12/SOW750_thumb.jpg,https://mgomijasul.modoo.at/
경상북도,오희 스파클링 막걸리,9%,36.772167,128.3140443,https://thesool.com/wp-content/uploads/2019/04/문경주조_오희스파클링막걸리.jpg,https://mgomijasul.modoo.at/
경상북도,왕피천을 품은 미소생막걸리,7%,36.9629258,129.3954316,https://thesool.com/wp-content/uploads/2018/12/울진술도가_왕피천.jpg,http://www.uljinsuldoga.com/index.php
경상북도,은자골 생 탁배기,5%,36.5311223,128.0701304,https://thesool.com/wp-content/uploads/2017/12/2.png,https://takbaeki.modoo.at/
경상북도,징기스칸,40%,35.9833282,128.9987632,https://thesool.com/wp-content/uploads/2020/01/고도리_징기스칸.jpg,http://고도리와인.com
경상북도,포항불로주,"35%, 45%",36.1663927,129.346015,https://thesool.com/wp-content/uploads/2017/12/125.jpg,
경상북도,풍정사계 춘,15%,35.6516236,128.7085147,https://thesool.com/wp-content/uploads/2017/12/풍정사계.jpg,https://pjsg.modoo.at/
경상북도,프리미엄 애플와인 한스오차드,11%,36.4370944,128.7231036,https://thesool.com/wp-content/uploads/2017/12/1-26.jpg,http://www.applewine.co.kr/
경상북도,한스오차드 사과와인,11%,36.4370944,128.7231036,https://thesool.com/wp-content/uploads/2019/01/애플리즈_사과와인.jpg,http://www.applewine.co.kr/
대전광역시,사임주,16%,36.3552778,127.3772222,https://thesool.com/wp-content/uploads/2017/12/사임주.jpg,https://sariwon1951.modoo.at/
대전광역시,석로주,13%,36.3527541,127.3890377,https://thesool.com/wp-content/uploads/2019/04/석이원주조_석로주.jpg,seokyeewon.modoo.at
부산광역시,금정산성막걸리,8%,35.2504164,129.0564792,https://thesool.com/wp-content/uploads/2018/10/금정산성.jpg,http://www.sanmak.kr/
서울특별시,11.5도 나루 생 막걸리,12%,37.5357562,127.0556902,https://thesool.com/wp-content/uploads/2020/02/나루생막걸리-11.5.png,https://hangangbrewery.com/
서울특별시,6도 나루 생 막걸리,6%,37.5357562,127.0556902,https://thesool.com/wp-content/uploads/2020/02/나루생63도.png,https://hangangbrewery.com/
서울특별시,걍즐겨,8%,37.6438594,127.0157688,https://thesool.com/wp-content/uploads/2020/02/걍즐겨-1.png,
서울특별시,매실원주,15%,37.5852836,126.9069539,https://thesool.com/wp-content/uploads/2018/10/매실원주.jpg,thehan.modoo.at
서울특별시,문경바람 오크,40%,37.5852836,126.9069539,https://thesool.com/wp-content/uploads/2020/01/오미나라_문경바람오크.jpg,http://www.omynara.com/
서울특별시,삼해소주,45%,37.583241,126.9879962,https://thesool.com/wp-content/uploads/2020/02/삼해소주.png,https://samhaesoju.kr/
서울특별시,서울의 밤 X 옥토끼프로젝트,17%,37.5852836,126.9069539,https://thesool.com/wp-content/uploads/2020/02/그림7-1.png,http://www.thehan.kr
서울특별시,원매,20%,37.5852836,126.9069539,https://thesool.com/wp-content/uploads/2020/02/원매_더한주류.jpg,https://www.thehan.kr/
서울특별시,천매,30%,37.5852836,126.9069539,https://thesool.com/wp-content/uploads/2018/10/39_천매.jpg,thehan.modoo.at
울산광역시,복순도가 손 막걸리,7%,35.5857641,129.0968608,https://thesool.com/wp-content/uploads/2018/12/복순도가_손막걸리.jpg,http://www.boksoon.com/
인천광역시,삼양춘 생약주,15%,37.3892304,126.7006754,https://thesool.com/wp-content/uploads/2019/03/삼양춘생약주.jpg,www.samyangchoon.com
인천광역시,삼양춘 생탁주,13%,37.3892304,126.7006754,https://thesool.com/wp-content/uploads/2019/03/삼양춘.jpg,www.samyangchoon.com
전라남도,광양 생 막걸리,5%,34.9655353,127.5682078,https://thesool.com/wp-content/uploads/2020/02/광양생막걸리.jpg,
전라남도,광양 생 막걸리 골드,5%,34.9655353,127.5682078,https://thesool.com/wp-content/uploads/2020/02/광양생막걸리골드.jpg,
전라남도,꿀막걸리,8%,35.345069,126.8125337,https://thesool.com/wp-content/uploads/2019/01/청산녹수_꿀막걸리.jpg,http://www.bluegreenkorea.co.kr
전라남도,대잎술,12%,35.366352,126.9852966,https://thesool.com/wp-content/uploads/2019/09/대잎술-1.jpg,http://www.chusungju.co.kr
전라남도,대통주,11%,35.366352,126.9852966,https://thesool.com/wp-content/uploads/2017/11/43.jpg,http://www.chusungju.co.kr
전라남도,명품홍주,38,34.5521891,126.3034793,https://thesool.com/wp-content/uploads/2019/09/그림11.png,http://www.e-hongju.co.kr
전라남도,병영설성사또,40%,34.7161058,126.8148258,https://thesool.com/wp-content/uploads/2017/12/115.jpg,www.byjujo.co.kr
전라남도,사미인주,8%,35.345069,126.8125337,https://thesool.com/wp-content/uploads/2017/12/사미인주_누끼.jpg,http://www.bluegreenkorea.co.kr
전라남도,생탁주,6%,35.345069,126.8125337,https://thesool.com/wp-content/uploads/2019/01/청산녹수_생탁주.jpg,http://www.bluegreenkorea.co.kr
전라남도,유자향주,6%,34.5744068,127.2396217,https://thesool.com/wp-content/uploads/2020/02/유자향주.png,https://smartstore.naver.com/citronmakgeolli
전라남도,"진도홍주 아라리35%, 루비콘40%","아라리35%, 루비콘40%",34.5521891,126.3034793,https://thesool.com/wp-content/uploads/2017/11/138.jpg,http://www.e-hongju.co.kr
전라남도,"진도홍주, 만홍",40%,34.5521891,126.3034793,https://thesool.com/wp-content/uploads/2017/12/117.jpg,http://www.e-hongju.co.kr
전라남도,천지향 증류주,40%,35.1581797,126.5059445,https://thesool.com/wp-content/uploads/2017/12/119.jpg,www.redmountain.co.kr
전라남도,추성주,25%,35.366352,126.9852966,https://thesool.com/wp-content/uploads/2017/12/추성주.jpg,http://www.chusungju.co.kr
전라남도,타미앙스,40%,35.366273,126.9854166,https://thesool.com/wp-content/uploads/2017/12/121.jpg,www.chusungju.co.kr
전라남도,톡 한잔 소주,30%,35.3007609,126.5798253,https://thesool.com/wp-content/uploads/2017/12/114.jpg,
전라남도,티나(TINA),16%,35.3211394,126.9881673,https://thesool.com/wp-content/uploads/2020/05/티나.png,
전라남도,편백숲 산소막걸리,5%,35.345069,126.8125337,https://thesool.com/wp-content/uploads/2019/08/산소막걸리.jpg,http://www.bluegreenkorea.co.kr
전라남도,편백숲 산소막걸리 딸기 스파클링,7%,35.345069,126.8125337,https://thesool.com/wp-content/uploads/2019/08/산소막걸리_딸기.jpg,http://www.bluegreenkorea.co.kr
전라남도,편백숲 산소막걸리 순수령,6%,35.345069,126.8125337,https://thesool.com/wp-content/uploads/2019/08/산소막걸리_순수령.jpg,http://www.bluegreenkorea.co.kr
전라남도,편백숲 산소막걸리 순수령 8%,8%,35.345069,126.8125337,https://thesool.com/wp-content/uploads/2019/08/산소막걸리_순수령8.jpg,http://www.bluegreenkorea.co.kr
전라남도,편백숲 산소막걸리 스파클링,7%,35.345069,126.8125337,https://thesool.com/wp-content/uploads/2019/08/산소막걸리_스파클링.jpg,http://www.bluegreenkorea.co.kr
전라남도,해창 생막걸리,"6%,9%,12%",34.5175598,126.5380129,https://thesool.com/wp-content/uploads/2017/12/해창-6도-2.jpg,https://haechangjujo.modoo.at/
전라북도,고창선운산 땡큐복분자주,13%,35.5264515,126.5618904,https://thesool.com/wp-content/uploads/2019/02/선운산복분자땡큐_고창선운산.jpg,www.sulbox.com
전라북도,고창선운산 땡큐블루베리주,13%,35.5264515,126.5618904,https://thesool.com/wp-content/uploads/2019/02/선운산블루베리땡큐_고창선운산.jpg,www.sulbox.com
전라북도,고창선운산 복분자주 특1호,15%,35.5264515,126.5618904,https://thesool.com/wp-content/uploads/2019/02/선운산_복분자특1호.jpg,www.sulbox.com
전라북도,무주구천동머루와인,12%,35.8148416,127.6305736,https://thesool.com/wp-content/uploads/2018/10/41_머루와인.jpg,meorusove.modoo.at
전라북도,무주구천동산머루주,16%,35.8148416,127.6305736,https://thesool.com/wp-content/uploads/2018/10/42_산머루주.jpg,meorusove.modoo.at
전라북도,부안참뽕막걸리,6%,35.7394383,126.7216279,https://thesool.com/wp-content/uploads/2018/10/44_참뽕.jpg,dongjinwine.modoo.at
전라북도,부안참뽕와인,13%,35.7394383,126.7216279,https://thesool.com/wp-content/uploads/2018/10/45_참뽕와인.jpg,dongjinwine.modoo.at
전라북도,송명섭 막걸리,6%,35.6515794,126.945037,https://thesool.com/wp-content/uploads/2019/04/송명섭막걸리-1.jpg,http://www.태인양조장.com/
전라북도,야관문막걸리,6%,35.4369968,127.5240118,https://thesool.com/wp-content/uploads/2019/09/운봉주조_야관문막걸리.jpg,https://herbsul.modoo.at/
전라북도,죽력고,32%,35.6515794,126.945037,https://thesool.com/wp-content/uploads/2019/04/죽력고.jpg,http://www.태인양조장.com/
전라북도,죽력고,32%,35.6515794,126.945037,https://thesool.com/wp-content/uploads/2017/12/116.jpg,http://www.태인양조장.com/
전라북도,지리산 정담 생쌀 막걸리,6%,35.4369968,127.5240118,https://thesool.com/wp-content/uploads/2019/09/운봉주조_정담막걸리.jpg,https://herbsul.modoo.at/
전라북도,지리산 허브잎 술,6%,35.4369968,127.5240118,https://thesool.com/wp-content/uploads/2019/09/운봉주조_허브잎술.jpg,https://herbsul.modoo.at/
전라북도,"진심홍삼인삼주 38%, 19%","19%, 38%",35.7726437,127.380432,https://thesool.com/wp-content/uploads/2017/12/118.jpg,www.hongsamjumall.com
전라북도,쿨샷7.5,7.50%,35.5264515,126.5618904,https://thesool.com/wp-content/uploads/2019/02/선운산복분자땡큐_쿨샷75.jpg,www.sulbox.com
제주도,The 찾을수록,16%,33.4446362,126.3375372,https://thesool.com/wp-content/uploads/2020/01/찾을수록_애플리즈.jpg,
제주도,고소리술,"29%, 40%",33.4446362,126.3375372,https://thesool.com/wp-content/uploads/2020/01/도자기500-2.jpg,http://www.jejusaemju.co.kr
제주도,니모메,11%,33.4446362,126.3375372,https://thesool.com/wp-content/uploads/2019/02/니모메-3.jpg,http://www.jejusaemju.co.kr
제주도,신례명주,50%,33.3014401,126.624737,https://thesool.com/wp-content/uploads/2020/02/신례명주.png,http://www.ehondiju.com/
제주도,오메기 맑은술,16%,33.3849016,126.79391,https://thesool.com/wp-content/uploads/2018/11/제주술익는집_오메기_맑은술.jpg,http://jejugosorisul.com/
제주도,제주술익는집 고소리술,40%,33.3849016,126.79391,https://thesool.com/wp-content/uploads/2020/01/제주술익는집_고소리술.jpg,http://jejugosorisul.com/
제주도,혼디주,12%,33.3014401,126.624737,https://thesool.com/wp-content/uploads/2020/02/혼디주.png,http://www.ehondiju.com/
충청남도,강소주,50%,36.5236887,127.0246583,https://thesool.com/wp-content/uploads/2020/01/내국양조_강소주.jpg,https://cafe.naver.com/jumarusa
충청남도,계룡백일주 40%,40%,36.4174111,127.0914791,https://thesool.com/wp-content/uploads/2020/01/백일주.jpg,https://paegilju.modoo.at/
충청남도,계룡산 산삼주 금수강산 21%,21%,36.1115813,127.0689182,https://thesool.com/wp-content/uploads/2020/01/한국산삼_산삼주21.jpg,http://iksiks.co.kr/
충청남도,계룡산 산삼주 금수강산 22%,40%,36.1115813,127.0689182,https://thesool.com/wp-content/uploads/2020/01/한국산삼_산삼주40.jpg,http://iksiks.co.kr/
충청남도,공주알밤 왕밤주,6%,36.5236887,127.0246583,https://thesool.com/wp-content/uploads/2020/02/알밤.png,www.bamsul.com
충청남도,공주애 오디와인,15%,36.5236887,127.0246583,https://thesool.com/wp-content/uploads/2019/03/공주애오디와인.jpg,www.bamsul.com
충청남도,금산인삼주 수삼 500,43%,36.1278227,127.4663225,https://thesool.com/wp-content/uploads/2017/12/108.jpg,www.insamwine.com
충청남도,금삼인삼백주,43%,36.1278227,127.4663225,https://thesool.com/wp-content/uploads/2017/12/107.jpg,www.insamwine.com
충청남도,능이주,13%,36.1115813,127.0689182,https://thesool.com/wp-content/uploads/2019/02/내국양조_능이주.jpg,https://cafe.naver.com/jumarusa
충청남도,두레앙브랜디,35%,36.9133998,127.2028373,https://thesool.com/wp-content/uploads/2020/01/49_브렌디.jpg,www.duraean.co.kr
충청남도,두레앙와인,12%,36.9133998,127.2028373,https://thesool.com/wp-content/uploads/2018/10/47_두레앙와인.jpg,www.duraean.co.kr
충청남도,두레앙증류주,35%,36.9133998,127.2028373,https://thesool.com/wp-content/uploads/2020/01/48_두레앙.jpg,www.duraean.co.kr
충청남도,밤꽃향기,14%,36.5236887,127.0246583,https://thesool.com/wp-content/uploads/2019/03/밤꽃향기.jpg,www.bamsul.com
충청남도,백련 맑은술,12%,36.8836272,126.7747563,https://thesool.com/wp-content/uploads/2019/01/신평양조장_백련맑은술.jpg,http://www.koreansul.co.kr
충청남도,백련 생막걸리 snow (스노우),6%,36.8836272,126.7747563,https://thesool.com/wp-content/uploads/2019/01/신평양조장_백련스노우.jpg,http://www.koreansul.co.kr
충청남도,송이주,13%,36.1115813,127.0689182,https://thesool.com/wp-content/uploads/2019/02/내국양조_송이주.jpg,https://cafe.naver.com/jumarusa
충청남도,수삼단본720,43%,36.1278227,127.4663225,https://thesool.com/wp-content/uploads/2017/12/113.jpg,www.insamwine.com
충청남도,양촌 생 동동주,10%,36.1382468,127.2343331,https://thesool.com/wp-content/uploads/2019/03/양촌양조_양촌생동동주.jpg,http://www.yangchon.co.kr/
충청남도,양촌 생 막걸리,6%,36.1382468,127.2343331,https://thesool.com/wp-content/uploads/2019/03/양촌양조_양촌생막걸리.jpg,http://www.yangchon.co.kr/
충청남도,양촌 우렁이쌀 청주,14%,36.1382468,127.2343331,https://thesool.com/wp-content/uploads/2020/02/우렁이쌀.png,http://www.yangchon.co.kr/
충청남도,우렁이쌀 손 막걸리,8%,36.1382468,127.2343331,https://thesool.com/wp-content/uploads/2017/12/우렁이쌀-손막걸리750중해상.jpg,http://www.yangchon.co.kr/
충청남도,진쾌남,25%,36.5236887,127.0246583,https://thesool.com/wp-content/uploads/2019/03/진쾌남.jpg,www.bamsul.com
충청남도,청양둔송구기주,16%,36.5630317,126.8599303,https://thesool.com/wp-content/uploads/2018/11/50_청양.jpg,https://dunsong.modoo.at/
충청남도,추사 로제,12%,36.7617845,126.6981115,https://thesool.com/wp-content/uploads/2019/01/은성농원_추사로제.jpg,http://www.chusawine.com
충청남도,추사 블루베리 와인,11%,36.7617845,126.6981115,https://thesool.com/wp-content/uploads/2019/03/추차-블루베리-와인.jpg,http://www.chusawine.com
충청남도,추사 애플와인,12%,36.7617845,126.6981115,https://thesool.com/wp-content/uploads/2019/03/추사_애플와인.jpg,http://www.chusawine.com
충청남도,추사40,40%,36.7617845,126.6981115,https://thesool.com/wp-content/uploads/2020/01/은성농원_추사40.jpg,http://www.chusawine.com
충청남도,하얀연꽃 백련막걸리,7%,36.8836272,126.7747563,https://thesool.com/wp-content/uploads/2017/11/백꽃.jpg,http://www.koreansul.co.kr
충청남도,하얀연꽃 백련생막걸리,7%,36.8836272,126.7747563,https://thesool.com/wp-content/uploads/2017/11/백련.jpg,http://www.koreansul.co.kr
충청남도,한비 오가피술,35%,36.5406213,127.0445634,https://thesool.com/wp-content/uploads/2020/01/제천한약농업법인_오가피주.jpg,www.한비오가피술.com
충청남도,한산소곡주,43%,36.0798898,126.8021099,https://thesool.com/wp-content/uploads/2017/12/2.jpg,http://www.sogokju.co.kr
충청남도,화주,25%,36.1115813,127.0689182,https://thesool.com/wp-content/uploads/2020/01/내국양조_화주.jpg,https://cafe.naver.com/jumarusa
충청남도,두레앙,35%,36.9133449,127.2031105,https://thesool.com/wp-content/uploads/2017/12/110.jpg,www.duraean.co.kr
충청북도,금휘,35%,37.2149724,128.237314,https://thesool.com/wp-content/uploads/2017/12/109.jpg,
충청북도,로제와인,12%,36.1107591,127.6475078,https://thesool.com/wp-content/uploads/2020/05/_로제와인-e1589360738121.jpg,
충청북도,샤토미소 레드 드라이,12%,36.1921697,127.9369001,https://thesool.com/wp-content/uploads/2019/07/20190703_샤토미소레드드라이.jpg,http://xn--hg3b13gpoq4muubvz4a.kr/
충청북도,샤토미소 레드 스위트,12%,36.1921697,127.9369001,https://thesool.com/wp-content/uploads/2019/07/20190703_샤토미소레드스위트.jpg,http://xn--hg3b13gpoq4muubvz4a.kr/
충청북도,샤토미소 로제스위트와인,12%,36.1921697,127.9369001,https://thesool.com/wp-content/uploads/2017/11/샤토미소로제스위트.jpg,http://xn--hg3b13gpoq4muubvz4a.kr/
충청북도,서울의 밤,25%,37.1334855,128.088801,https://thesool.com/wp-content/uploads/2020/01/서울의밤_매실원주.jpg,http://www.thehan.kr
충청북도,세종 쌀막걸리,6%,36.6787588,127.4798585,https://thesool.com/wp-content/uploads/2017/11/쌀막.jpg,http://www.joeunsulsj.co.kr
충청북도,세종 알밤주,6%,36.6787588,127.4798585,https://thesool.com/wp-content/uploads/2019/09/조은술세종_알밤주.jpg,http://www.joeunsulsj.co.kr
충청북도,세종대왕어주 약주,15%,36.7142106,127.6049787,https://thesool.com/wp-content/uploads/2020/02/세종대왕약주.jpg,https://jhdg3491.modoo.at/
충청북도,세종청주생막걸리,6%,36.6787588,127.4798585,https://thesool.com/wp-content/uploads/2019/09/조은술세종_생막걸리.jpg,http://www.joeunsulsj.co.kr
충청북도,소나무와 학,43%,37.2149724,128.237314,https://thesool.com/wp-content/uploads/2017/12/111.jpg,
충청북도,소백산 검은콩 막걸리,6%,36.9222851,128.3536341,https://thesool.com/wp-content/uploads/2017/12/1.jpg,http://www.krwine.com
충청북도,소백산 생 막걸리,6%,36.9222851,128.3536341,https://thesool.com/wp-content/uploads/2017/12/1-1.jpg,http://www.krwine.com
충청북도,송로주,48%,36.47974,127.8696393,https://thesool.com/wp-content/uploads/2017/12/112.jpg,
충청북도,시나브로 화이트 11,12%,36.2018604,127.720418,https://thesool.com/wp-content/uploads/2020/05/시나브로화이트.png,
충청북도,시인의마을,10%,36.247018,127.6206359,https://thesool.com/wp-content/uploads/2019/03/시인의마을.jpg,
충청북도,아이원 막걸리,6%,36.247018,127.6206359,https://thesool.com/wp-content/uploads/2019/03/아이원.jpg,
충청북도,여포의 꿈 (화이트),12%,36.1262331,127.7443598,https://thesool.com/wp-content/uploads/2019/07/20190703_여포의꿈화이트JPG.jpg,https://yeopo.modoo.at/
충청북도,여포의 꿈 레드,12%,36.1262331,127.7443598,https://thesool.com/wp-content/uploads/2019/07/20190703_여포의꿈레드JPG.jpg,https://yeopo.modoo.at/
충청북도,우리밀 막걸리 향수,9%,36.247018,127.6206359,https://thesool.com/wp-content/uploads/2018/11/이원양조장_향수-1.jpg,
충청북도,의림소주,40%,37.1334855,128.088801,https://thesool.com/wp-content/uploads/2017/12/106.jpg,www.jcmedi.com
충청북도,이도 22,22%,36.6787588,127.4798585,https://thesool.com/wp-content/uploads/2020/01/조은술세종_이도22.jpg,http://www.joeunsulsj.co.kr
충청북도,청명주,17%,36.99724,127.8788279,https://thesool.com/wp-content/uploads/2017/12/1-2.jpg,http://www.청명주.com/
충청북도,청명주 750,17%,36.99724,127.8788279,https://thesool.com/wp-content/uploads/2019/01/청명주_750.jpg,http://www.청명주.com/
충청북도,초선의 꿈,12%,36.1262331,127.7443598,https://thesool.com/wp-content/uploads/2019/07/20190703_초선의꿈.jpg,https://yeopo.modoo.at/
충청북도,한비 동충하초술,35%,37.1334855,128.088801,https://thesool.com/wp-content/uploads/2019/02/제천한약농업법인_한비동충하초.jpg,www.한비오가피술.com
충청북도,한비 무병장수술,35%,37.1334855,128.088801,https://thesool.com/wp-content/uploads/2019/02/제천한약농업법인_무병장수.jpg,www.한비오가피술.com
충청북도,한비 쌀소주,40%,37.1334855,128.088801,https://thesool.com/wp-content/uploads/2020/01/제천한약농업법인_한비쌀소주.jpg,www.한비오가피술.com
충청북도,한비 유자술,35%,37.1334855,128.088801,https://thesool.com/wp-content/uploads/2020/02/한비유자술.png,https://smartstore.naver.com/ogapisool
충청북도,한비오가피술골드,35%,37.1334855,128.088801,https://thesool.com/wp-content/uploads/2017/11/135.jpg,
